Id;Poblacio;Total No Name(m);Total(Residential + Living street)
348145;Abella de la Conca;823,8452621;823,8452621
343408;Abrera;32280,15781;56159,88191
348146;Àger;2369,118414;11755,79877
348147;Agramunt;3653,254305;32932,41458
344406;Aguilar de Segarra;1053,842916;1053,842916
348053;Agullana;51,04831063;6458,21028
347953;Aiguafreda;793,6580219;14740,78831
342688;Aiguamúrcia;3422,900021;18669,27561
348055;Aiguaviva;1228,3655;10963,56777
343316;Aitona;3583,898836;10307,18899
348142;Alàs i Cerc;2583,612898;4702,432927
348054;Albanyà;22,80159574;1710,586045
348144;Albatàrrec;4831,275276;10627,23864
348148;Albesa;2847,25896;10519,64277
342689;Albinyana;527,9856357;22707,32325
348057;Albons;617,3933235;8435,829316
342691;Alcanar;6749,109026;60165,1142
343633;Alcanó;802,3656363;2492,471582
343632;Alcarràs;13567,67573;35348,08789
343631;Alcoletge;4659,777841;17999,88461
342692;Alcover;18842,36472;32429,93857
342693;Aldover;752,457505;2788,869046
343410;Alella;7021,342264;63211,93601
342695;Alfara de Carles;818,9027803;2485,089937
343630;Alfarràs;3567,501456;11419,37229
343637;Alfés;88,49393613;2743,622001
342696;Alforja;4055,807289;16041,39694
343636;Algerri;518,4177723;4154,955133
343635;Alguaire;10283,6306;20652,14308
343634;Alins;3229,419187;4260,320807
346862;Alió;2849,128938;4432,684334
343629;Almacelles;6512,521294;30669,8471
347866;Almatret;978,5879176;3063,813577
347867;Almenar;2449,809596;16574,17802
346861;Almoster;3920,32102;10492,18901
347864;Alòs de Balaguer;92,21187642;1906,747893
348059;Alp;9534,984289;21476,52494
343401;Alpens;1066,07001;2786,603121
347865;Alpicat;20361,42784;36483,53302
347862;Alt Àneu;2455,163417;7320,376072
346860;Altafulla;4796,905153;31148,75867
348058;Amer;262,58695;8647,77456
346858;Amposta;5224,351043;88563,1882
348051;Anglès;3377,515391;16351,11174
347861;Anglesola;2528,982815;10410,64146
347860;Arbeca;780,6847551;21013,81413
346857;Arbolí;188,9476154;867,1790717
348050;Arbúcies;6635,50025;24806,7728
343407;Arenys de Mar;7248,167004;39719,09559
343406;Arenys de Munt;16508,59408;39421,23654
343838;Argelaguer;1875,399255;4005,45873
343397;Argençola;3091,501036;3621,220357
343396;Argentona;16560,12901;57799,18433
346864;Arnes;949,5677899;3945,7299
343321;Arres;319,3405109;1133,0969
343324;Arsèguel;620,7155231;1217,907226
347957;Artés;2424,409574;25026,61365
343323;Artesa de Lleida;2848,467209;8426,739531
343318;Artesa de Segre;7668,7741;25421,25685
346863;Ascó;2780,193403;10256,58606
343320;Aspa;1457,227603;3155,568712
347958;Avià;2728,272591;9030,651147
347955;Avinyó;4532,335848;14983,45678
343836;Avinyonet de Puigventós;360,8946832;10017,0042
347956;Avinyonet del Penedès;1319,906809;16498,34109
347954;Badalona;2668,253905;232505,4519
342959;Badia del Vallès;935,5753854;4929,854134
347951;Bagà;4825,20592;8036,099619
343315;Baix Pallars;1613,227072;2988,238874
339817;Balaguer;16956,17067;46622,93725
347952;Balenyà;5621,86915;15972,46344
347949;Balsareny;4197,193159;16637,18998
342337;Banyeres del Penedès;2194,923776;30091,53716
343842;Banyoles;5263,479033;66379,60232
339818;Barbens;2108,312634;6539,784103
342338;Barberà de la Conca;6256,682636;6256,682636
341730;Barberà del Vallès;15214,12521;77841,08449
347950;Barcelona;40340,32566;933736,5136
343840;Bàscara;4194,473256;10140,33457
339821;Bassella;915,6407764;1157,625164
342335;Batea;1513,977236;9725,669167
339822;Bausen;679,0334513;1056,077573
343715;Begues;2666,516158;50805,81713
343837;Begur;29228,40139;91904,7755
339823;Belianes;1045,042579;4982,037086
342830;Bellaguarda;64,99649248;1868,194821
343834;Bellcaire d'Empordà;1506,332275;6221,074259
339824;Bellcaire d'Urgell;10253,53806;11992,45574
339815;Bell-lloc d'Urgell;12381,35075;21049,75804
342336;Bellmunt del Priorat;2875,375174;2875,375174
339816;Bellmunt d'Urgell;386,9500675;3243,368626
343714;Bellprat;1281,645432;1281,645432
344262;Bellpuig;17448,11392;20986,87295
342341;Bellvei;1791,56418;25379,90192
344261;Bellver de Cerdanya;14580,96048;31229,72852
344260;Bellvís;1474,334403;17352,62793
344259;Benavent de Segrià;1610,78453;5012,649023
342342;Benifallet;2197,502478;4425,424986
342339;Benissanet;1955,934217;4926,532965
343713;Berga;21917,09941;44998,86334
343835;Besalú;2374,684078;18635,5406
348893;Bescanó;1555,473046;40262,91397
348892;Beuda;303,7827012;303,7827012
343712;Bigues i Riells;10776,28888;114007,9043
344258;Biosca;2259,5249;2681,68614
347608;Biure;1611,105444;2378,38825
342334;Blancafort;1172,19396;4235,697997
348890;Blanes;3124,371178;83129,37489
348894;Boadella i les Escaules;645,2618322;2578,896111
348889;Bolvir;3865,390868;24859,25511
346544;Bonastre;52,34430941;8563,863251
348888;Bordils;1235,3044;11270,02881
348887;Borrassà;5484,925053;6156,488078
343719;Borredà;3737,154137;4276,618635
344254;Bossòst;840,0188232;5736,018395
346546;Bot;1153,105542;5095,428284
346545;Botarell;1877,355707;6094,769711
344257;Bovera;266,083007;2513,246067
346548;Bràfim;4245,642293;8323,587449
348886;Breda;6051,981003;16328,00349
348895;Brunyola;290,3529016;2272,050991
346547;Cabacés;2669,139497;4677,997785
339498;Cabanabona;640,4732242;1806,945736
344127;Cabanelles;443,4778835;756,8633748
344126;Cabanes;0;3607,614767
339499;Cabó;762,9959555;762,9959555
346550;Cabra del Camp;4169,509932;26088,48669
343711;Cabrera d'Anoia;11010,56781;36350,71047
343710;Cabrera de Mar;22422,30517;31962,93856
348824;Cabrils;6580,728237;51648,01246
344128;Cadaqués;8551,00679;31543,68251
348825;Calaf;6117,656816;17507,65245
346549;Calafell;1327,315497;155955,7944
348409;Calders;1899,453773;14086,43332
344129;Caldes de Malavella;14295,58894;77949,09041
348827;Caldes de Montbui;17937,77411;89490,01712
348826;Caldes d'Estrac;4309,243593;14042,47158
348412;Calella;16060,26297;35862,2001
348823;Calldetenes;2292,834946;15199,56234
348829;Callús;4340,84087;9553,127133
344130;Calonge;1961,236378;137016,333
348822;Calonge de Segarra;1845,567567;1845,567567
339495;Camarasa;4133,655407;8618,349293
343186;Camarles;1836,643778;18785,0654
346541;Cambrils;81057,98521;150499,3473
344131;Camós;2375,008685;5415,979034
344132;Campdevànol;10063,06054;18322,09441
344133;Campelles;1796,385933;1796,385933
348830;Campins;3985,807276;5393,488221
344134;Campllong;1011,120513;4864,680922
344135;Camprodon;8656,770373;19397,36173
339496;Canejan;824,5640994;937,9054854
347514;Canet d'Adri;165,4985226;6137,663153
344061;Canet de Mar;7278,868603;35382,462
344060;Canovelles;2515,487202;38612,50071
344063;Cànoves i Samalús;15291,93526;27428,49239
347513;Cantallops;544,3457725;5389,551011
344062;Canyelles;1632,295675;56600,58891
346540;Capafonts;1581,897542;2233,870976
342004;Capçanes;2618,333893;2618,333893
344065;Capellades;1531,918353;16930,76499
347516;Capmany;356,7685586;5821,772065
344064;Capolat;80,15837943;80,15837943
344067;Cardedeu;6888,56832;68541,42492
344066;Cardona;11047,98448;20149,4881
344069;Carme;1197,67298;10213,99443
342005;Caseres;895,6474723;2242,121178
347510;Cassà de la Selva;3409,803607;37901,49252
344068;Casserres;2588,638985;8274,958145
339618;Castell de l'Areny;798,6925421;798,6925421
341309;Castell de Mur;1776,101635;3079,276111
339501;Castellar de la Ribera;320,6322199;320,6322199
339613;Castellar de n'Hug;3578,382227;4679,272078
339615;Castellar del Riu;1576,743182;1576,743182
339616;Castellar del Vallès;36659,80615;102278,2991
339614;Castellbell i el Vilar;20631,83994;36744,87384
339619;Castellbisbal;7988,860984;81649,81265
339620;Castellcir;390,9146605;12335,94004
339500;Castelldans;3594,005324;5304,724713
339617;Castelldefels;22180,43125;138229,1122
339621;Castellet i la Gornal;2140,552662;38465,1945
347512;Castellfollit de la Roca;1169,181306;2710,474611
344381;Castellfollit de Riubregós;97,11659528;1406,58953
339622;Castellfollit del Boix;1211,611121;1269,961961
344380;Castellgalí;7097,535712;22969,5507
344379;Castellnou de Bages;3621,086337;17969,02526
339502;Castellnou de Seana;851,5120879;5100,326186
339503;Castelló de Farfanya;4685,36327;6562,764133
347511;Castelló d'Empúries;4103,971877;87136,26082
344378;Castellolí;4344,945835;4344,945835
347518;Castell-Platja d'Aro;1760,69192;123066,5321
343954;Castellserà;6559,167374;7436,549388
344377;Castellterçol;1647,519044;17188,88938
342006;Castellvell del Camp;19347,37436;26916,01465
344376;Castellví de la Marca;392,0454071;6989,64185
344375;Castellví de Rosanes;10010,52596;20617,91843
343953;Cava;1820,552862;1841,132281
347517;Celrà;2893,614105;33537,91942
344374;Centelles;6318,010555;32993,38749
346438;Cercs;5528,592978;11609,58627
346442;Cerdanyola del Vallès;21499,71404;116038,4961
344373;Cervelló;5902,338834;56938,34011
343956;Cervera;12095,02973;50514,31533
343955;Cervià de les Garrigues;335,2634876;4906,272468
343220;Cervià de Ter;305,3920193;7062,712327
343221;Cistella;2000,140436;3217,697289
343958;Ciutadilla;452,6741854;2337,380965
343957;Clariana de Cardener;293,3994454;293,3994454
343217;Colera;708,1749629;9219,542111
343959;Coll de Nargó;3395,757089;4589,797047
344372;Collbató;11455,02284;46885,89613
342001;Colldejou;1351,692223;1767,416517
339965;Collsuspina;299,2786564;5113,1008
343218;Colomers;1059,337004;3118,451815
346989;Conca de Dalt;5211,631938;5495,868231
342002;Conesa;1749,41834;1749,41834
342003;Constantí;12704,78219;43610,47953
339966;Copons;1444,440306;1444,440306
339967;Corbera de Llobregat;14445,54868;127559,3836
341997;Corbera d'Ebre;1619,362014;7641,361285
343962;Corbins;1337,448147;8110,83044
343216;Corçà;6336,068047;9685,641148
339968;Cornellà de Llobregat;2135,869985;79269,37038
343215;Cornellà del Terri;4067,443454;16359,63781
341998;Cornudella de Montsant;3051,416515;6827,949664
346231;Creixell;17373,43173;47455,82309
343222;Crespià;2023,514205;2291,619146
341395;Cruïlles, Monells i Sant Sadurní de l'Heura;5896,877536;9970,669244
339969;Cubelles;996,7578934;82860,80239
343961;Cubells;2875,046039;7904,46701
346230;Cunit;64,87099183;100149,0183
347767;Darnius;270,6650413;4138,224814
347766;Das;6584,131735;10349,94346
343185;Deltebre;11848,7531;81913,42883
339970;Dosrius;22733,61189;54722,42073
346228;Duesaigües;2024,847825;2505,103424
343718;el Bruc;5645,126122;25167,07506
343717;el Brull;571,9701001;3310,80002
342007;el Catllar;37615,28361;68403,42012
343960;el Cogul;1423,935845;2350,852365
348056;el Far d'Empordà;2845,357295;6959,28121
345946;el Lloar;1497,732617;1672,334778
340689;el Masnou;8700,557899;51436,61792
343941;el Masroig;3278,339819;3278,339819
343942;el Milà;0;1016,592702
343944;el Molar;238,4887439;2371,023693
348140;el Montmell;360,6206328;27923,78232
348135;el Morell;2491,019686;13381,48135
342499;el Palau d'Anglesola;14405,29185;31116,28355
341787;el Papiol;2426,178409;15781,77361
340535;el Perelló;6858,862892;19394,45159
340537;el Pinell de Brai;4208,946282;6434,943473
340527;el Pla de Santa Maria;17841,41044;22319,42931
345702;el Pla del Penedès;0;4460,767112
346982;el Poal;1179,264592;6830,763311
345207;el Pont d'Armentera;2923,927927;3871,367181
343322;el Pont de Bar;3843,796987;3843,796987
342835;el Pont de Suert;9585,502131;13920,86739
344205;el Pont de Vilomara i Rocafort;7466,016748;33508,43943
340545;el Port de la Selva;14856,24858;29289,01922
345761;el Prat de Llobregat;20979,49803;67524,71153
345493;el Rourell;2383,863339;2383,863339
347348;el Soleràs;198,9632945;2273,674502
340193;el Vendrell;3321,593772;207752,2109
343349;el Vilosell;96,93571493;3184,973395
348141;els Alamús;1175,376997;3925,920919
341695;els Garidells;3718,661324;3718,661324
345944;els Guiamets;467,3150879;1583,012124
345695;els Hostalets de Pierola;8194,826155;35564,31894
342492;els Omellons;349,7997106;2337,612707
342497;els Omells de na Gaia;485,4539855;3144,048663
340531;els Pallaresos;7647,000313;41270,52022
345923;els Plans de Sió;4394,231507;8282,557305
341047;els Prats de Rei;906,1787956;3683,491956
347636;els Torms;707,8069409;1731,194862
344256;es Bòrdes;1363,119563;2733,316575
339971;Esparreguera;29412,41935;60954,63219
347764;Espinelves;929,2513586;2701,180988
339972;Esplugues de Llobregat;674,5635408;56856,97228
347771;Espolla;259,773618;4527,654543
347770;Esponellà;1065,876023;1562,126749
346871;Espot;3533,669689;5222,891814
346865;Estamariu;108,3834117;1236,43604
346867;Estaràs;2553,777182;3193,184658
346868;Esterri d'Àneu;4174,015325;7438,887038
346869;Esterri de Cardós;354,6368415;354,6368415
346234;Falset;4540,879923;11730,74896
346866;Farrera;1642,310186;1689,850109
344956;Figaró-Montmany;548,5784259;8048,150681
342069;Fígols;578,3838028;578,3838028
341320;Fígols i Alinyà;3010,750637;3467,989456
347769;Figueres;6176,610331;95505,24952
346236;Figuerola del Camp;2122,67854;2250,741794
347768;Flaçà;2023,800459;7299,823407
341701;Flix;4502,506712;21544,28042
342071;Fogars de la Selva;1883,746238;22715,02818
342068;Fogars de Montclús;2436,681968;2436,681968
347773;Foixà;1306,711468;2554,646688
342070;Folgueroles;1268,134205;11748,76856
342358;Fondarella;5325,350758;7072,876079
342065;Fonollosa;4051,246624;16560,15537
347772;Fontanals de Cerdanya;11454,99019;14852,58167
343540;Fontanilles;1815,064572;2680,604985
343541;Fontcoberta;1762,931468;9289,929051
342064;Font-rubí;7100,056588;9663,052543
342362;Foradada;1168,436986;3736,052039
341396;Forallac;12993,30019;23186,21535
341702;Forès;1501,047213;2031,582884
343542;Fornells de la Selva;2754,202089;26709,89001
343536;Fortià;4628,970636;7736,529592
341699;Freginals;210,0917008;2365,521837
342360;Fulleda;897,594007;1934,703405
346614;Gaià;562,0110636;562,0110636
342066;Gallifa;1424,609204;3593,067522
341697;Gandesa;3197,11306;14858,72016
341698;Garcia;2876,330898;4757,964531
343537;Garrigàs;1743,70288;3827,723029
343538;Garrigoles;1535,898232;2307,176069
343539;Garriguella;390,4523669;10593,75521
342072;Gavà;12709,26191;85248,50031
342364;Gavet de la Conca;6560,309629;6560,309629
346615;Gelida;14844,64874;42194,2887
343534;Ger;4098,991763;11958,15829
345920;Gimenells i el Pla de la Font;3058,52844;11026,643
341696;Ginestar;1947,240583;3895,802876
343535;Girona;5778,687878;199743,3002
346612;Gironella;9387,040656;18082,0411
346613;Gisclareny;0;0
341709;Godall;58,2235145;5075,76976
342363;Golmés;17369,1387;22496,41371
340342;Gombrèn;7142,53268;7739,100796
346074;Gósol;3844,71958;4094,714095
346611;Granera;296,8124583;947,8498364
346608;Granollers;14267,63856;109209,1242
346075;Granyanella;5228,951216;6388,490846
346071;Granyena de les Garrigues;206,5586422;1853,182983
346072;Granyena de Segarra;1984,877834;1984,877834
341711;Gratallops;3333,316494;3611,948163
346609;Gualba;3574,014754;18549,83862
340341;Gualta;3719,527086;4405,821589
346617;Guardiola de Berguedà;2552,398666;4853,314223
340344;Guils de Cerdanya;5163,195692;14779,04478
346070;Guimerà;2154,773336;4059,925431
341814;Guissona;7025,219414;21360,96502
341815;Guixers;1439,248101;1439,248101
345400;Gurb;10874,51704;33913,41643
345943;Horta de Sant Joan;2032,9922;9783,888749
340343;Hostalric;4423,74086;20894,11327
345402;Igualada;4556,636407;95572,91707
341807;Isona i Conca Dellà;8672,469072;17538,16537
340346;Isòvol;3040,661032;5955,266666
341808;Ivars de Noguera;3766,032491;3884,166356
341809;Ivars d'Urgell;4180,258956;10421,00447
341806;Ivorra;475,5975554;1312,44337
340345;Jafre;3579,296408;3792,777539
347911;Jorba;6699,506952;9074,673006
345922;Josa i Tuixén;3394,703878;3394,703878
340347;Juià;58,5584117;1589,942309
341804;Juncosa;7701,217097;7701,217097
341805;Juneda;2294,586673;13643,42415
339819;la Baronia de Rialb;2330,003191;2330,003191
342340;la Bisbal de Falset;2947,776575;2947,776575
342333;la Bisbal del Penedès;489,2939538;67910,98923
348891;la Bisbal d'Empordà;7999,123749;33977,26406
1809117;la Canonja;13396,53043;25772,4726
342518;la Cellera de Ter;1430,53381;11803,96671
346988;la Coma i la Pedra;6068,940709;11527,77345
346233;la Fatarella;7963,52644;11366,16928
346232;la Febró;271,250364;995,4904555
346237;la Figuera;408,5338854;1716,745402
342359;la Floresta;1150,643471;1843,416503
342361;la Fuliola;5188,125452;9117,669366
341700;la Galera;535,3080909;5585,447452
342073;la Garriga;12125,04797;65343,86575
346610;la Granada;382,2695129;11036,39116
346073;la Granadella;786,2618044;4995,81555
346076;la Granja d'Escarp;2644,11441;3536,713995
341315;la Guingueta d'Àneu;4379,798411;4492,121323
340348;la Jonquera;4238,553175;19557,08271
345396;la Llacuna;2447,939186;13248,73698
345397;la Llagosta;3338,672997;18484,30619
343939;la Masó;0;1063,738968
342136;la Molsosa;1462,667848;1462,667848
348134;la Morera de Montsant;1043,605722;2044,900405
345415;la Nou de Berguedà;1121,070509;1121,070509
348133;la Nou de Gaià;5668,332807;5668,332807
342960;la Palma de Cervelló;935,4105069;9922,699761
348131;la Palma d'Ebre;5445,021335;5445,021335
345219;la Pera;2037,185354;2927,137307
346981;la Pobla de Cérvoles;157,5642875;2312,675327
340843;la Pobla de Claramunt;7298,817413;20174,13473
345694;la Pobla de Lillet;5926,978088;6465,157722
340526;la Pobla de Mafumet;11967,45603;17520,18048
345208;la Pobla de Massaluca;390,9846038;2408,748888
345210;la Pobla de Montornès;5749,818677;39076,87725
342833;la Pobla de Segur;3314,439431;11524,39684
342836;la Portella;1921,103121;2403,890053
339858;la Quar;20,39617123;20,39617123
340852;la Riba;2952,48836;3521,940632
340850;la Riera de Gaià;4434,658453;9260,470315
344204;la Roca del Vallès;14107,5258;58590,24704
339874;la Secuita;8172,049747;18576,55313
342517;la Selva de Mar;2026,973399;2832,240219
339873;la Selva del Camp;2188,647268;16124,13531
341999;la Sénia;5079,123415;29671,17431
343317;la Sentiu de Sió;2674,49535;8031,184065
347353;la Seu d'Urgell;17943,44498;33503,27066
346726;la Tallada d'Empordà;2244,209382;6209,813937
347639;la Torre de Cabdella;4611,052782;6068,972514
343659;la Torre de Claramunt;1211,729289;50910,41538
344617;la Torre de Fontaubella;660,3823868;1674,613143
344614;la Torre de l'Espanyol;816,4262843;4345,776037
343841;La Vajol;0;1547,913841
343306;la Vall de Bianya;4054,629513;7805,507978
339820;la Vall de Boí;5825,382357;12388,01809
343311;la Vall d'en Bas;9212,235554;20032,97003
341319;la Vansa i Fórnols;3289,006538;3289,006538
344925;la Vilella Alta;2305,316667;2429,38607
344887;la Vilella Baixa;1339,084139;3371,494258
348143;l'Albagés;1204,712185;3395,696677
348149;l'Albi;955,8524603;8030,988158
342690;l'Albiol;1520,176962;8282,13933
343189;l'Aldea;12418,42702;30610,21112
342694;l'Aleixar;4658,263631;6610,470755
346859;l'Ametlla de Mar;25593,51115;116103,4532
343400;l'Ametlla del Vallès;34478,95991;82674,9148
343190;l'Ampolla;8275,90587;34084,19494
346856;l'Arboç;610,9221657;19810,97046
346855;l'Argentera;327,8949986;1437,173329
343839;l'Armentera;945,1016135;11103,82654
346338;Les;3716,669067;7162,373009
343319;les Avellanes i Santa Linya;2256,045985;7357,88948
344255;les Borges Blanques;3538,835562;23379,52804
346543;les Borges del Camp;16610,19085;16610,19085
343716;les Cabanyes;80,57026885;6699,973935
342067;les Franqueses del Vallès;8509,799275;69053,59728
345037;les Llosses;578,3513751;716,5746341
340697;les Masies de Roda;2743,811382;8810,047883
340696;les Masies de Voltregà;9493,65651;25540,26625
342491;les Oluges;1811,6258;4467,781807
340534;les Piles;619,0332302;2837,282996
345220;les Planes d'Hostoles;2706,504131;9626,998219
345216;les Preses;2688,447545;13655,23292
341311;les Valls d'Aguilar;4024,69112;4172,656055
343017;les Valls de Valira;6824,386394;8739,106763
347765;l'Escala;11274,13296;122640,2835
346870;l'Espluga Calba;869,911803;3397,329364
346235;l'Espluga de Francolí;2393,937411;16699,85425
339963;l'Espunyola;1261,292454;1261,292454
339488;l'Esquirol;5045,545013;18533,65011
339964;l'Estany;1802,287824;4781,596942
345401;l'Hospitalet de Llobregat;2090,457005;145877,7493
346337;Linyola;1972,718872;17265,54423
340350;Lladó;614,7266847;6787,108231
346336;Lladorre;2437,453245;2539,758568
346349;Lladurs;1396,497367;1696,431828
340349;Llagostera;5368,229337;50696,87118
345035;Llambilles;746,7005054;4617,50078
345036;Llanars;2218,811864;4201,226825
345033;Llançà;2942,875026;51802,62279
346348;Llardecans;5513,584331;6025,297677
346347;Llavorsí;1389,096668;1902,033424
346345;Lleida;44790,89562;238171,0106
345034;Llers;2581,341822;10485,43848
346346;Lles de Cerdanya;716,4682014;3018,501542
347892;Lliçà d'Amunt;1415,2171;114706,4568
345405;Lliçà de Vall;9668,529561;70264,69422
346334;Llimiana;1522,493482;1637,648995
345398;Llinars del Vallès;16420,22048;66084,19817
346333;Llobera;881,1616531;881,1616531
345945;Llorac;1570,101309;2994,533489
342470;Llorenç del Penedès;488,2117795;21170,22838
345039;Lloret de Mar;34938,04044;262894,6608
345406;Lluçà;327,0599872;1311,418474
341142;Maçanet de Cabrenys;793,1306122;9953,68286
340390;Maçanet de la Selva;9897,032376;88154,08717
345038;Madremanya;1583,970686;3644,820654
345040;Maià de Montcal;3961,998602;4733,209223
342141;Maials;5398,082642;7910,79612
342138;Maldà;850,4106494;2008,867837
346734;Malgrat de Mar;2705,677767;42631,71079
340694;Malla;1251,067062;2937,067312
340920;Manlleu;7314,537117;52775,77088
346721;Manresa;23551,24005;116271,7315
345942;Marçà;2936,916562;3046,903524
342456;Margalef;1845,956947;1940,411637
347470;Marganell;4029,225111;13904,05077
346746;Martorell;12923,86238;44545,61559
340908;Martorelles;2742,183765;27733,70857
345941;Mas de Barberans;831,6388635;4532,799426
341140;Masarac;1077,309554;4317,5703
345952;Masdenverge;296,8453223;5931,254417
346050;Masllorenç;73,1813793;9305,629257
343940;Maspujols;4263,213596;5570,710337
340791;Masquefa;23652,07972;54461,01714
342139;Massalcoreig;2395,273345;3988,304886
341141;Massanes;4800,927956;12519,68752
342140;Massoteres;438,0150304;2103,540825
345823;Matadepera;4132,668561;93203,37497
345587;Mataró;18854,62544;166646,1588
5245866;Medinyà;1141,58514;6427,328588
345816;Mediona;11773,17928;39932,38301
342133;Menàrguens;3257,680518;8156,330961
345041;Meranges;835,40436;2508,588013
341144;Mieres;37,59804891;2275,206877
342134;Miralcamp;7487,701149;19034,33134
343943;Miravet;3311,498439;4523,108631
340374;Moià;3827,521559;36745,3539
345583;Molins de Rei;665,5703336;51169,1552
342137;Mollerussa;17527,13159;52452,46497
341145;Mollet de Peralada;27,67836483;1305,57009
345553;Mollet del Vallès;8826,218668;74419,93484
341146;Molló;2292,023325;7598,450463
345806;Monistrol de Calders;1335,02635;16172,73967
345549;Monistrol de Montserrat;6068,213288;12501,97262
341147;Montagut i Oix;1272,714097;4895,809158
343945;Montblanc;6201,361568;34724,78936
343936;Montbrió del Camp;8518,737052;12174,80999
346037;Montcada i Reixac;14906,17056;72534,39815
340380;Montclar;0;0
342143;Montellà i Martinet;5140,586329;7078,688219
340379;Montesquiu;4076,336902;8119,70632
346681;Montferrer i Castellbò;13661,61919;16262,48569
343937;Montferri;5524,315778;6031,606985
342142;Montgai;2413,687059;6247,618503
345526;Montgat;8447,078674;26736,66446
340382;Montmajor;2245,461923;3171,17606
340381;Montmaneu;3755,030116;3755,030116
340375;Montmeló;7623,709364;29860,34419
346683;Montoliu de Lleida;5949,059702;6380,282072
346680;Montoliu de Segarra;1458,995658;3876,982859
346682;Montornès de Segarra;836,8320126;2213,197454
344964;Montornès del Vallès;20835,36963;50992,45231
348139;Mont-ral;4325,613935;4325,613935
345519;Mont-ras;6390,860656;18203,69812
348138;Mont-roig del Camp;49158,91714;150748,2465
340377;Montseny;966,9391813;1370,875322
348137;Móra d'Ebre;11721,94851;27403,46375
348136;Móra la Nova;3619,502137;14621,59565
345807;Muntanyola;277,8348203;15250,16223
340373;Mura;1609,175183;4500,554589
346684;Nalec;315,646262;1761,866781
347863;Naut Aran;15500,58499;20828,09154
345999;Navarcles;4398,020401;26812,82133
346000;Navàs;6538,362118;23311,39151
345518;Navata;987,5890475;13645,81519
346685;Navès;804,3946007;2073,82222
348132;Nulles;427,1170036;3869,922325
346687;Odèn;1911,379553;1911,379553
345423;Òdena;6792,402013;22560,80802
345517;Ogassa;1951,544323;2183,856913
346004;Olèrdola;1561,414664;40612,48455
346005;Olesa de Bonesvalls;1371,027615;31490,6688
342826;Olesa de Montserrat;15588,52142;44587,02253
346686;Oliana;8215,029712;14765,39549
342493;Oliola;2345,312997;3406,728313
342494;Olius;2585,474373;13223,5147
345996;Olivella;2140,490267;72356,50416
345997;Olost;4089,42664;9774,876211
348970;Olot;14613,86354;116315,9862
346003;Olvan;3547,754613;4239,839838
345515;Ordis;641,3855519;2440,930149
342498;Organyà;3130,894959;6671,459923
341803;Orís;457,6275008;1550,402337
341802;Oristà;3072,534658;5631,652767
341418;Orpí;219,6619648;1349,382765
341417;Òrrius;6108,719824;6108,719824
342495;Os de Balaguer;5600,885654;10964,43906
345514;Osor;956,0174481;3496,169623
342496;Ossó de Sió;2108,536393;4344,482295
341416;Pacs del Penedès;3409,065971;4699,798827
341791;Palafolls;10800,54827;39555,90159
345513;Palafrugell;24061,31512;109049,7492
345522;Palamós;404,668242;63251,87856
345521;Palau de Santa Eulàlia;934,0838862;1190,993752
340869;Palau-sator;2254,588195;3211,273088
340868;Palau-saverdera;4225,248253;17709,17116
341789;Palau-solità i Plegamans;5592,898651;101547,1176
341413;Pallejà;22982,94489;43922,41543
340867;Palol de Revardit;3968,897802;8255,143191
340871;Pals;35162,44751;42322,75384
340872;Pardines;1346,780717;1346,780717
341410;Parets del Vallès;8622,226585;64605,58838
340870;Parlavà;3498,529265;5389,760059
340530;Passanant i Belltall;1285,755178;1346,41794
340865;Pau;4870,398678;6536,983988
340533;Paüls;470,4575975;4108,088618
340866;Pedret i Marzà;2416,594958;2416,594958
346987;Penelles;1283,994134;3288,225643
345698;Perafita;1640,877384;4558,733567
340532;Perafort;3953,486173;15249,88782
345221;Peralada;1630,708955;18830,80605
346986;Peramola;2035,748153;2527,229605
345699;Piera;10721,7742;139722,5693
345696;Pineda de Mar;32987,19633;82038,08173
346985;Pinell de Solsonès;376,0207898;543,1607003
346983;Pinós;1700,969248;2035,560495
340536;Pira;5260,680576;5260,680576
345223;Planoles;731,1665735;5470,954771
345206;Poboleda;3499,080717;4027,765593
345701;Polinyà;2304,20592;29124,85095
345222;Pont de Molins;3806,997564;3806,997564
339877;Pontils;1330,361261;5737,328509
340848;Pontons;533,0355427;8261,512518
345225;Pontós;2103,877047;2103,877047
342834;Ponts;1832,210911;13164,22036
345224;Porqueres;2398,358772;31781,34784
345213;Porrera;3875,401415;4367,687588
345217;Portbou;1187,726528;4611,42732
345214;Pradell de la Teixeta;1789,15786;1789,15786
345211;Prades;2458,203923;8252,376106
345212;Prat de Comte;456,5397771;1908,71204
345204;Pratdip;4298,209057;14521,34012
341046;Prats de Lluçanès;3502,567543;10753,29731
342837;Prats i Sansor;2600,898925;12356,20759
342838;Preixana;1226,151455;4166,480665
342839;Preixens;1562,025549;4198,29324
341323;Premià de Dalt;18962,96356;54743,54074
341049;Premià de Mar;929,9862929;35104,26703
342829;Prullans;3835,229833;5581,097456
340546;Puigcerdà;8842,531661;37030,74691
341051;Puigdàlber;56,46397584;4146,486586
344945;Puiggròs;687,9387105;2432,420143
345205;Puigpelat;13276,81743;13276,81743
341050;Puig-reig;10077,98621;18673,8499
344944;Puigverd d'Agramunt;387,8563624;2543,946571
344947;Puigverd de Lleida;6057,895505;10405,5198
341053;Pujalt;1418,807495;2710,18387
340547;Quart;3203,346205;21421,53184
347515;Queralbs;1769,07435;2820,020236
340856;Querol;1788,837994;53472,85495
340548;Rabós;140,1499768;2531,027183
339862;Rajadell;2502,139299;5150,657427
340855;Rasquera;650,15439;5331,196468
340541;Regencós;1215,842685;3763,500891
341486;Rellinars;9372,319323;17458,51733
340854;Renau;287,9907986;1029,241914
340853;Reus;28293,72578;226021,2386
344946;Rialp;2324,644805;3858,766907
340851;Riba-roja d'Ebre;1831,769213;9558,597432
341308;Ribera d'Ondara;5229,325541;6877,112993
344942;Ribera d'Urgellet;5905,2096;7207,769187
340542;Ribes de Freser;3198,546215;6992,518059
340543;Riells i Viabrea;9641,445687;54299,36462
344943;Riner;2662,609255;3081,861671
340544;Ripoll;10366,2246;31373,28124
344203;Ripollet;6348,44246;48730,09778
345921;Riu de Cerdanya;1117,103563;1955,830251
340539;Riudarenes;1452,111784;37128,30475
340540;Riudaura;2260,406152;2522,795526
340849;Riudecanyes;3118,54834;12871,03575
340859;Riudecols;1049,884519;6079,230708
344932;Riudellots de la Selva;720,0554804;20521,48618
340858;Riudoms;6552,878657;18761,03199
344929;Riumors;2852,805127;2852,805127
345489;Rocafort de Queralt;1577,698516;2337,454577
345490;Roda de Berà;11830,08227;99158,52646
344206;Roda de Ter;3833,802915;24751,36344
345491;Rodonyà;8557,52228;14048,72072
345492;Roquetes;5386,966437;27275,34867
344928;Roses;13589,57462;113526,7087
344948;Rosselló;7411,526053;15655,68807
344200;Rubí;13570,6067;253275,5728
344201;Rubió;347,8378918;347,8378918
344927;Rupià;1206,130158;1433,966258
342961;Rupit i Pruit;966,1899115;2170,667177
344202;Sabadell;47298,67015;278575,7144
344198;Sagàs;0;226,0638608
340561;Salàs de Pallars;659,9622629;3739,314298
348946;Saldes;1168,329678;4253,539594
344935;Sales de Llierca;0;0
348945;Sallent;10965,94815;32524,00554
345494;Salomó;2945,956455;4933,381253
343188;Salou;29229,38579;83479,78931
344934;Salt;917,0497717;34898,05932
340562;Sanaüja;1385,702768;4553,594925
348950;Sant Adrià de Besòs;4362,72318;36207,16083
348949;Sant Agustí de Lluçanès;1720,364792;1720,364792
348948;Sant Andreu de la Barca;15676,5158;51073,85675
348947;Sant Andreu de Llavaneres;22007,02579;64796,5101
344933;Sant Andreu Salou;170,0829202;170,0829202
342522;Sant Aniol de Finestres;260,8584315;1417,882467
348952;Sant Antoni de Vilamajor;5685,362871;50376,54201
348951;Sant Bartomeu del Grau;4118,6643;5505,227651
347545;Sant Boi de Llobregat;31791,51219;125989,6814
347544;Sant Boi de Lluçanès;3772,881965;6632,7738
345495;Sant Carles de la Ràpita;7992,208554;63331,81739
342447;Sant Cebrià de Vallalta;15034,87387;35904,83794
347543;Sant Celoni;36105,26559;70323,63589
347541;Sant Climent de Llobregat;3985,24103;9774,387603
344941;Sant Climent Sescebes;200,0895982;4677,787616
347540;Sant Cugat del Vallès;48727,73037;266448,5924
347538;Sant Cugat Sesgarrigues;938,7394765;10129,10164
340549;Sant Esteve de la Sarga;3582,163703;3719,634191
347537;Sant Esteve de Palautordera;3194,180767;16856,42135
342427;Sant Esteve Sesrovires;40616,66788;49482,62568
344940;Sant Feliu de Buixalleu;14051,33323;18100,25933
340975;Sant Feliu de Codines;2051,632344;33223,67575
340210;Sant Feliu de Guíxols;4838,384587;92186,82708
343436;Sant Feliu de Llobregat;1207,509385;44415,76056
340211;Sant Feliu de Pallerols;1362,418184;8612,662425
343441;Sant Feliu Sasserra;630,4314035;4186,74224
340208;Sant Ferriol;42,93966532;192,9114883
347535;Sant Fost de Campsentelles;5133,309777;55876,41582
343444;Sant Fruitós de Bages;17506,3476;63347,47598
340209;Sant Gregori;2447,953466;24961,70358
340553;Sant Guim de Freixenet;4708,514187;8389,432328
340550;Sant Guim de la Plana;964,4541787;2765,469034
340206;Sant Hilari Sacalm;814,7499589;28844,20921
343447;Sant Hipòlit de Voltregà;1457,789865;14495,12905
348943;Sant Iscle de Vallalta;7938,447578;15273,41846
343448;Sant Jaume de Frontanyà;578,654246;578,654246
340207;Sant Jaume de Llierca;3752,252811;8325,065699
345496;Sant Jaume dels Domenys;364,4481629;23098,26318
343187;Sant Jaume d'Enveja;7834,85311;16351,87268
340204;Sant Joan de les Abadesses;5261,58071;11681,85882
340216;Sant Joan de Mollet;275,2272202;4618,405474
343235;Sant Joan de Vilatorrada;3428,193598;22619,63648
343449;Sant Joan Despí;3495,871908;46428,74622
342524;Sant Joan les Fonts;5890,347888;24175,13003
340203;Sant Jordi Desvalls;864,9754179;4937,241167
341775;Sant Julià de Cerdanyola;3085,123578;3085,123578
340217;Sant Julià de Ramis;2083,403892;19111,84413
340438;Sant Julià de Vilatorta;3637,900591;23541,21922
341397;Sant Julià del Llor i Bonmatí;0;7714,350766
347180;Sant Just Desvern;772,6721199;50305,13823
344630;Sant Llorenç de la Muga;738,0256908;3195,377568
340555;Sant Llorenç de Morunys;4179,078436;6835,196236
340441;Sant Llorenç d'Hortons;17703,01295;19315,51965
340439;Sant Llorenç Savall;14094,98752;19559,99851
340442;Sant Martí d'Albars;392,6023371;767,3302998
345937;Sant Martí de Centelles;4333,758512;11556,66629
344633;Sant Martí de Llémena;6128,386241;8116,476768
341318;Sant Martí de Riucorb;2511,186508;7159,388708
340446;Sant Martí de Tous;5506,909208;6791,203234
340445;Sant Martí Sarroca;1409,962643;12419,09283
340448;Sant Martí Sesgueioles;1855,420842;2803,441978
344632;Sant Martí Vell;491,9495099;2241,576479
340447;Sant Mateu de Bages;5247,497654;5247,497654
344627;Sant Miquel de Campmajor;1422,137219;1422,137219
344626;Sant Miquel de Fluvià;1648,332105;7577,602696
344629;Sant Mori;2040,341925;2040,341925
344628;Sant Pau de Segúries;4365,498779;5214,222432
341476;Sant Pere de Ribes;2994,446506;114495,8578
341445;Sant Pere de Riudebitlles;2798,214865;10330,10118
342903;Sant Pere de Torelló;1880,92153;13786,42842
341485;Sant Pere de Vilamajor;1340,461105;60745,55895
344634;Sant Pere Pescador;4251,41489;17303,28109
344199;Sant Pere Sallavinera;1181,438836;1521,202201
341355;Sant Pol de Mar;6017,321999;25512,97057
341330;Sant Quintí de Mediona;7436,025611;11179,75963
341484;Sant Quirze de Besora;4436,537801;12149,1359
342912;Sant Quirze del Vallès;25819,46269;94535,96357
341497;Sant Quirze Safaja;2576,583341;16874,89712
340551;Sant Ramon;2484,187301;5600,983706
347477;Sant Sadurní d'Anoia;2656,782349;34705,53457
345430;Sant Sadurní d'Osormort;93,2407238;637,9764247
346616;Sant Salvador de Guardiola;22249,55935;45509,13145
346446;Sant Vicenç de Castellet;7178,532783;34092,28879
346440;Sant Vicenç de Montalt;25820,18752;52889,78706
346439;Sant Vicenç de Torelló;2742,004039;12865,51342
346445;Sant Vicenç dels Horts;5567,859874;76471,9685
345497;Santa Bàrbara;1984,042611;32295,78982
347469;Santa Cecília de Voltregà;600,3060865;600,3060865
345486;Santa Coloma de Cervelló;1596,000608;35004,8065
342519;Santa Coloma de Farners;3145,074357;55207,88649
347480;Santa Coloma de Gramenet;3125,299985;68574,01003
345498;Santa Coloma de Queralt;6420,927907;20753,32306
342520;Santa Cristina d'Aro;9326,583311;78380,35246
347479;Santa Eugènia de Berga;2474,196029;11850,02583
347478;Santa Eulàlia de Riuprimer;1908,302059;5453,256242
346759;Santa Eulàlia de Ronçana;1310,566043;71350,78209
346758;Santa Fe del Penedès;80,66787653;1232,495572
342521;Santa Llogaia d'Àlguema;190,5907378;5793,069572
339492;Santa Margarida de Montbui;3797,931601;23266,14865
339493;Santa Margarida i els Monjos;816,6955623;27008,77607
341733;Santa Maria de Besora;0;1148,128644
339490;Santa Maria de Martorelles;848,7094511;5484,585596
339489;Santa Maria de Merlès;237,6690734;237,6690734
342590;Santa Maria de Miralles;459,4268431;459,4268431
339515;Santa Maria de Palautordera;8462,414533;60306,94727
339509;Santa Maria d'Oló;1152,899387;6376,451774
339878;Santa Oliva;836,4103246;29398,4511
342523;Santa Pau;1061,332541;8370,324081
346444;Santa Perpètua de Mogoda;10909,78277;88495,29519
346443;Santa Susanna;18203,65801;44330,1443
348944;Santpedor;12006,38509;36204,68133
339880;Sarral;2997,872446;10188,82436
342525;Sarrià de Ter;2015,979442;23933,39506
347355;Sarroca de Bellera;2221,137273;3573,634711
347354;Sarroca de Lleida;542,7299938;2112,512555
342526;Saus, Camallera i Llampaies;6811,231701;11054,03057
339879;Savallà del Comtat;231,0257204;2060,117157
339876;Senan;172,7983582;586,4311412
347352;Senterada;776,7249765;1210,016117
346441;Sentmenat;6502,364543;46169,68271
346731;Serinyà;1061,666362;7883,724634
347350;Seròs;4620,539065;7437,893449
346730;Serra de Daró;1407,105217;3879,802412
346729;Setcases;2329,830281;2916,011597
346437;Seva;5250,954898;56575,73968
347351;Sidamon;2215,019999;5410,111402
346728;Sils;3144,923837;53756,7114
342217;Sitges;1333,618217;101888,5797
343219;Siurana;1402,560818;2009,326283
341135;Sobremunt;1088,275783;1088,275783
339875;Solivella;4507,154469;4507,154469
347349;Solsona;4157,090312;33724,69116
342215;Sora;3233,113219;4094,847085
347356;Soriguera;4649,607588;4649,607588
347357;Sort;10523,07843;16253,82289
342730;Soses;1956,040271;4603,773101
342216;Subirats;3877,263708;38750,20908
342729;Sudanell;2076,024207;6929,78512
342731;Sunyer;1815,054166;2344,034117
346328;Súria;4842,269112;17976,33801
346727;Susqueda;0;0
346327;Tagamanent;614,5182111;6557,570418
342212;Talamanca;443,2356222;5133,205131
342726;Talarn;8516,474746;10618,26209
342728;Talavera;4550,623122;5749,603708
346321;Taradell;6433,679457;35479,10437
339887;Tarragona;91731,67377;285125,3033
342727;Tàrrega;8275,370742;61677,55907
342733;Tarrés;531,6536681;1661,456772
342732;Tarroja de Segarra;101,0315515;2054,755464
342214;Tavèrnoles;213,2543093;2012,227501
346046;Tavertet;545,2581113;1832,243128
343672;Teià;13956,36237;31327,89552
347640;Térmens;6633,601849;10695,71112
346725;Terrades;792,6074547;2211,944914
342210;Terrassa;43150,60696;374679,1238
343671;Tiana;9395,691824;27476,15548
347641;Tírvia;1290,639794;1699,793804
347642;Tiurana;590,8115076;863,5105711
341837;Tivenys;640,6445202;4508,404195
344616;Tivissa;5353,179824;8642,655224
343670;Tona;3401,331379;41954,08467
347643;Torà;2573,451284;9110,895072
343669;Tordera;55209,74741;103166,5803
343668;Torelló;4123,46813;48260,31858
347637;Tornabous;2689,050251;5606,279484
347638;Torrebesses;3323,738141;3323,738141
344615;Torredembarra;27694,08728;78228,80504
347635;Torrefarrera;16229,20243;23655,14465
341310;Torrefeta i Florejacs;3868,415989;9830,17081
343013;Torregrossa;12063,34872;12988,60741
343012;Torrelameu;1109,799971;3765,237382
346131;Torrelavit;7274,186372;10979,37775
346101;Torrelles de Foix;1192,850425;24550,12468
346099;Torrelles de Llobregat;10619,63449;46420,41795
346724;Torrent;5749,359576;5749,359576
343011;Torres de Segre;3696,791045;15184,71046
343010;Torre-serona;1912,073558;4861,276095
346723;Torroella de Fluvià;7621,317823;8195,935827
346722;Torroella de Montgrí;6189,965712;77512,99508
344612;Torroja del Priorat;3056,683009;3056,683009
343310;Tortellà;38,37121633;4723,1848
344613;Tortosa;44816,11952;97085,53482
343309;Toses;4904,804464;4904,804464
343308;Tossa de Mar;10891,23063;53492,38603
343014;Tremp;18694,62833;31942,67156
343314;Ullà;1082,871895;8104,969264
341894;Ullastrell;3930,785043;12402,09275
343313;Ullastret;2658,400284;4020,915019
344610;Ulldecona;3153,364223;33978,79613
344611;Ulldemolins;1294,256569;5729,211815
343307;Ultramort;2176,136453;3488,142405
343312;Urús;623,4091647;4875,73596
341895;Vacarisses;32678,34361;90195,50712
341314;Vall de Cardós;1407,194654;1407,194654
341896;Vallbona d'Anoia;2755,567804;9926,189994
343018;Vallbona de les Monges;798,8310469;3188,848213
341897;Vallcebre;1444,757131;1969,347261
344624;Vallclara;897,0477826;897,0477826
347882;Vallfogona de Balaguer;5477,110382;16742,72831
344631;Vallfogona de Ripollès;2695,470217;2695,470217
344625;Vallfogona de Riucorb;1419,98942;2197,835359
341898;Vallgorguina;32139,06577;36357,842
341899;Vallirana;27027,05895;109876,5626
343305;Vall-llobrega;62,17382262;15340,11046
340196;Vallmoll;11287,20805;12875,10145
341900;Vallromanes;5928,697033;31080,17851
340195;Valls;25089,94093;92194,73054
340194;Vandellòs i l'Hospitalet de l'Infant;23849,63514;48173,88573
341901;Veciana;2017,138831;2017,138831
347893;Ventalló;3401,57387;11281,02693
347880;Verdú;3063,478108;6560,355072
347894;Verges;202,9877708;6200,048302
340200;Vespella de Gaià;10122,03743;10387,13126
341903;Vic;23246,43609;119005,5842
347895;Vidrà;1016,795436;1839,819567
347896;Vidreres;11314,91578;88284,8553
347881;Vielha e Mijaran;11893,84293;20049,84909
340199;Vilabella;5676,928521;5676,928521
347889;Vilabertran;0;3296,136347
347890;Vilablareix;422,9141353;25517,1503
341904;Vilada;1857,698333;5111,993957
345022;Viladamat;1365,938824;5202,415072
347891;Viladasens;949,974694;1369,358333
344522;Viladecans;20465,36923;95217,52651
344521;Viladecavalls;7827,272457;52680,74836
347898;Vilademuls;5378,041519;5378,041519
342991;Viladrau;7202,426686;21015,22135
342990;Vilafant;1315,396901;31544,36399
344518;Vilafranca del Penedès;1087,832913;78121,62552
347884;Vilagrassa;1108,62297;5361,09466
342992;Vilajuïga;601,1135932;7838,076972
344919;Vilalba dels Arcs;2826,47885;4617,143974
344515;Vilalba Sasserra;3637,498177;3637,498177
347885;Vilaller;3425,872514;7165,612011
342987;Vilallonga de Ter;4074,010168;4074,010168
340198;Vilallonga del Camp;4380,568055;10306,73931
342986;Vilamacolum;1382,477424;4800,218924
342989;Vilamalla;453,5878662;19875,21096
342988;Vilamaniscle;72,54381861;2994,819423
347883;Vilamòs;1121,950983;1121,950983
342985;Vilanant;1492,45108;4979,680108
347878;Vilanova de Bellpuig;8193,065245;8193,065245
343352;Vilanova de la Barca;7378,069603;9845,289528
347879;Vilanova de l'Aguda;973,2524463;2988,427433
343348;Vilanova de Meià;2932,688342;6373,619049
340202;Vilanova de Prades;1593,174526;1593,174526
344520;Vilanova de Sau;372,7013056;1684,810256
343347;Vilanova de Segrià;3774,422306;10068,14444
344519;Vilanova del Camí;8706,625087;35875,6444
341774;Vilanova del Vallès;26088,00036;53961,36121
340197;Vilanova d'Escornalbou;4568,012897;4568,012897
344516;Vilanova i la Geltrú;2800,559466;156678,6429
340201;Vilaplana;1683,765711;2794,851173
344922;Vila-rodona;6035,295921;9124,180382
347611;Vila-sacra;691,8015528;4838,931415
343350;Vila-sana;3690,650348;8178,29448
344923;Vila-seca;9761,706796;54715,46291
343445;Vilassar de Dalt;13042,4143;35816,03436
343236;Vilassar de Mar;4606,162422;30202,91071
342993;Vilaür;1909,194666;2886,135786
344924;Vilaverd;4036,918304;4036,918304
344517;Vilobí del Penedès;246,9207516;13543,3103
347610;Vilobí d'Onyar;2967,461534;23603,18131
347609;Vilopriu;3571,522605;3724,022285
344920;Vimbodí i Poblet;7393,380124;8393,386835
343351;Vinaixa;3116,800702;3724,392981
344921;Vinebre;457,9308635;3986,261604
344885;Vinyols i els Arcs;8848,933494;14943,31941
344523;Viver i Serrateix;202,7188611;202,7188611
346229;Xerta;567,2927416;4488,714509
