Abella de la Conca,823.845262097,10,0.0,0,823.845262097,
Abrera,13386.8741421,96,0.0,0,13386.8741421,
Àger,1941.13762894,31,427.980784704,9,2369.11841365,
Agramunt,3653.25430535,66,0.0,0,3653.25430535,
Aguilar de Segarra,939.269884636,5,114.573031558,2,1053.84291619,
Agullana,0.0,0,0.0,0,0.0,
Aiguafreda,740.114704881,19,53.5433170491,2,793.65802193,
Aiguamúrcia,2642.8727481,14,153.608005056,4,2796.48075315,
Aiguaviva,1156.73813962,10,71.6273601954,1,1228.36549982,
Aitona,3583.8988358,18,0.0,0,3583.8988358,
Alàs i Cerc,1866.97908485,26,716.633813388,11,2583.61289824,
Albanyà,22.8015957361,1,0.0,0,22.8015957361,
Albatàrrec,4831.27527558,23,0.0,0,4831.27527558,
Albesa,2847.25896039,20,0.0,0,2847.25896039,
Albinyana,24.6964424728,1,0.0,0,24.6964424728,
Albons,513.653156676,6,103.740166782,3,617.393323457,
Alcanar,6618.91900692,51,241.134567337,2,6860.05357426,
Alcanó,802.365636302,11,0.0,0,802.365636302,
Alcarràs,13190.6865448,79,376.989183062,3,13567.6757279,
Alcoletge,4659.77784073,41,0.0,0,4659.77784073,
Alcover,18493.4047781,65,393.124957581,17,18886.5297357,
Aldover,752.457504965,11,0.0,0,752.457504965,
Alella,2965.827958,31,1317.60794579,7,4283.43590379,
Alfara de Carles,498.462984846,5,320.439795496,11,818.902780343,
Alfarràs,3663.40190675,39,0.0,0,3663.40190675,
Alfés,0.0,0,88.4939361272,2,88.4939361272,
Alforja,4055.80728919,40,0.0,0,4055.80728919,
Algerri,284.674644996,3,234.402390155,6,519.077035152,
Alguaire,10283.6305988,83,0.0,0,10283.6305988,
Alins,420.066554361,3,2809.35263296,34,3229.41918732,
Alió,2728.22701176,16,120.901926259,3,2849.12893802,
Almacelles,6462.95990391,31,0.0,0,6462.95990391,
Almatret,978.587917612,2,0.0,0,978.587917612,
Almenar,1971.84685911,15,752.587851394,9,2724.43471051,
Almoster,3787.86839169,6,132.452628713,4,3920.3210204,
Alòs de Balaguer,0.0,0,92.2118764194,4,92.2118764194,
Alp,9173.47739036,51,361.506898578,8,9534.98428894,
Alpens,203.29636126,5,862.773648716,12,1066.07000998,
Alpicat,20361.4278355,89,0.0,0,20361.4278355,
Altafulla,1710.76837489,34,147.150057736,2,1857.91843262,
Alt Àneu,1230.83398729,17,673.239272726,11,1904.07326002,
Amer,227.257151102,5,35.3297988663,2,262.586949968,
Amposta,4814.15120984,52,0.0,0,4814.15120984,
Anglès,409.394831449,4,515.632671129,6,925.027502578,
Anglesola,2589.3442462,21,0.0,0,2589.3442462,
Arbeca,704.567698913,12,76.1170561906,2,780.684755103,
Arbolí,0.0,0,188.947615448,4,188.947615448,
Arbúcies,6638.7224516,28,0.0,0,6638.7224516,
Arenys de Mar,7273.23908058,57,0.0,0,7273.23908058,
Arenys de Munt,16508.5940766,59,0.0,0,16508.5940766,
Argelaguer,1486.61854184,3,388.780713014,2,1875.39925485,
Argençola,2065.80503516,16,1025.69600083,11,3091.501036,
Argentona,16310.536943,64,249.592071875,2,16560.1290149,
Arnes,8.62398580395,1,940.943804077,17,949.567789881,
Arres,28.375862697,2,290.964648205,12,319.340510902,
Arsèguel,620.715523125,10,0.0,0,620.715523125,
Artés,2309.36355281,40,113.192562293,3,2422.5561151,
Artesa de Lleida,2558.15969049,26,290.307518512,6,2848.467209,
Artesa de Segre,5808.30908324,113,1860.46501705,26,7668.77410029,
Ascó,2304.35435638,12,475.839046283,12,2780.19340266,
Aspa,1039.87941533,10,417.348187932,5,1457.22760327,
Avià,2123.94707294,23,604.32551827,3,2728.27259121,
Avinyó,4316.88793941,26,213.677172037,3,4530.56511145,
Avinyonet del Penedès,0.0,0,0.0,0,0.0,
Avinyonet de Puigventós,0.0,0,0.0,0,0.0,
Badalona,693.921891282,6,0.0,0,693.921891282,
Badia del Vallès,935.575385358,15,0.0,0,935.575385358,
Bagà,4062.82684292,39,0.0,0,4062.82684292,
Baix Pallars,1613.22707215,21,0.0,0,1613.22707215,
Balaguer,16956.1706686,117,0.0,0,16956.1706686,
Balenyà,5621.86914964,43,0.0,0,5621.86914964,
Balsareny,4197.19315914,45,0.0,0,4197.19315914,
Banyeres del Penedès,309.991914325,4,0.0,0,309.991914325,
Banyoles,737.379639645,7,0.0,0,737.379639645,
Barbens,2108.31263363,16,0.0,0,2108.31263363,
Barberà de la Conca,577.706827101,6,0.0,0,577.706827101,
Barberà del Vallès,14566.4728081,132,647.652400676,5,15214.1252088,
Barcelona,21412.3263425,233,600.51902062,11,22012.8453631,
Bàscara,4194.47325609,38,0.0,0,4194.47325609,
Bassella,761.706879379,7,153.933897024,2,915.640776403,
Batea,1513.97723641,23,0.0,0,1513.97723641,
Bausen,679.033451337,10,0.0,0,679.033451337,
Begues,2666.51615819,30,0.0,0,2666.51615819,
Begur,28536.5783215,138,691.8230665,9,29228.401388,
Belianes,1045.0425793,19,0.0,0,1045.0425793,
Bellaguarda,64.9964924838,2,0.0,0,64.9964924838,
Bellcaire d'Empordà,1506.33227508,13,0.0,0,1506.33227508,
Bellcaire d'Urgell,10253.5380591,56,0.0,0,10253.5380591,
Bell-lloc d'Urgell,12381.3507505,72,0.0,0,12381.3507505,
Bellmunt del Priorat,2875.37517365,18,0.0,0,2875.37517365,
Bellmunt d'Urgell,386.950067513,6,0.0,0,386.950067513,
Bellprat,0.0,0,0.0,0,0.0,
Bellpuig,17448.1139177,111,0.0,0,17448.1139177,
Bellvei,175.084448417,3,0.0,0,175.084448417,
Bellver de Cerdanya,11357.28656,79,3223.67391738,34,14580.9604774,
Bellvís,1404.71951249,30,69.6148909822,1,1474.33440347,
Benavent de Segrià,1610.78453028,18,0.0,0,1610.78453028,
Benifallet,2197.50247771,35,0.0,0,2197.50247771,
Benissanet,1955.93421702,18,0.0,0,1955.93421702,
Berga,20391.8616333,146,1525.23777507,10,21917.0994084,
Besalú,363.805600476,1,0.0,0,363.805600476,
Bescanó,218.904989996,6,0.0,0,218.904989996,
Beuda,0.0,0,0.0,0,0.0,
Bigues i Riells,10584.5539137,57,191.734966935,3,10776.2888806,
Biosca,2259.52489966,32,0.0,0,2259.52489966,
Biure,0.0,0,1611.10544377,17,1611.10544377,
Blancafort,1172.19396016,13,0.0,0,1172.19396016,
Blanes,3124.37117835,47,0.0,0,3124.37117835,
Boadella i les Escaules,170.032177424,5,0.0,0,170.032177424,
Bolvir,3865.39086781,28,0.0,0,3865.39086781,
Bonastre,0.0,0,0.0,0,0.0,
Bordils,0.0,0,0.0,0,0.0,
Borrassà,0.0,0,0.0,0,0.0,
Borredà,3737.15413663,31,0.0,0,3737.15413663,
Bossòst,840.018823239,20,0.0,0,840.018823239,
Bot,1153.1055418,18,0.0,0,1153.1055418,
Botarell,1877.35570688,10,0.0,0,1877.35570688,
Bovera,266.083006964,5,0.0,0,266.083006964,
Bràfim,4245.64229345,15,0.0,0,4245.64229345,
Breda,6051.98100297,43,0.0,0,6051.98100297,
Brunyola,290.352901592,3,0.0,0,290.352901592,
Cabacés,2669.13949711,21,0.0,0,2669.13949711,
Cabanabona,640.473224211,17,0.0,0,640.473224211,
Cabanelles,13.287697937,1,0.0,0,13.287697937,
Cabanes,0.0,0,0.0,0,0.0,
Cabó,762.995955545,9,0.0,0,762.995955545,
Cabra del Camp,301.499566526,5,0.0,0,301.499566526,
Cabrera d'Anoia,11010.5678064,42,0.0,0,11010.5678064,
Cabrera de Mar,3271.2493938,26,1510.78527259,13,4782.03466638,
Cabrils,4895.85833025,56,441.599676954,10,5337.4580072,
Cadaqués,42.4607043009,2,295.487385955,1,337.948090256,
Calaf,6115.49099947,57,202.476181916,9,6317.96718138,
Calafell,596.954599379,8,0.0,0,596.954599379,
Calders,1899.45377318,19,0.0,0,1899.45377318,
Caldes de Malavella,11799.8452848,53,0.0,0,11799.8452848,
Caldes de Montbui,9915.14152119,70,557.312058335,7,10472.4535795,
Caldes d'Estrac,4421.78922342,16,133.438259169,4,4555.22748259,
Calella,15677.9625861,72,382.30038667,5,16060.2629727,
Calldetenes,2292.834946,37,0.0,0,2292.834946,
Callús,3776.08135383,30,564.759516321,4,4340.84087015,
Calonge,2035.84350248,17,0.0,0,2035.84350248,
Calonge de Segarra,1691.03784216,17,154.529724751,2,1845.56756691,
Camarasa,3951.20978028,42,182.445626306,2,4133.65540659,
Camarles,1836.64377771,15,0.0,0,1836.64377771,
Cambrils,15956.7249928,232,160.449767934,1,16117.1747608,
Camós,1639.14765391,19,552.277328816,7,2191.42498273,
Campdevànol,10200.3556735,58,0.0,0,10200.3556735,
Campelles,1796.38593328,14,0.0,0,1796.38593328,
Campins,3985.80727569,16,0.0,0,3985.80727569,
Campllong,1011.12051296,6,0.0,0,1011.12051296,
Camprodon,6663.11711228,73,0.0,0,6663.11711228,
Canejan,824.564099418,12,0.0,0,824.564099418,
Canet d'Adri,165.498522585,1,0.0,0,165.498522585,
Canet de Mar,6942.80901776,79,6.90163572735,1,6949.71065349,
Canovelles,2515.48720227,20,0.0,0,2515.48720227,
Cànoves i Samalús,15291.9352636,64,0.0,0,15291.9352636,
Cantallops,344.42773577,8,0.0,0,344.42773577,
Canyelles,0.0,0,0.0,0,0.0,
Capafonts,1581.89754186,20,0.0,0,1581.89754186,
Capçanes,2618.33389272,16,0.0,0,2618.33389272,
Capellades,1531.91835313,15,0.0,0,1531.91835313,
Capmany,0.0,0,0.0,0,0.0,
Capolat,80.158379426,1,0.0,0,80.158379426,
Cardedeu,6888.56831956,64,0.0,0,6888.56831956,
Cardona,10286.5154166,55,761.469058674,14,11047.9844753,
Carme,1197.67298034,17,0.0,0,1197.67298034,
Caseres,895.647472303,12,0.0,0,895.647472303,
Cassà de la Selva,2772.28245219,10,0.0,0,2772.28245219,
Casserres,2191.86876173,17,396.770223364,7,2588.63898509,
Castellar de la Ribera,320.632219879,2,0.0,0,320.632219879,
Castellar del Riu,1576.74318204,9,0.0,0,1576.74318204,
Castellar del Vallès,36178.2897839,144,481.51636626,4,36659.8061501,
Castellar de n'Hug,976.743770194,4,2601.63846436,19,3578.38223456,
Castellbell i el Vilar,20631.8399387,106,0.0,0,20631.8399387,
Castellbisbal,7244.94376804,53,21.7386076891,1,7266.68237573,
Castellcir,390.914660543,2,0.0,0,390.914660543,
Castelldans,3594.00532446,27,0.0,0,3594.00532446,
Castelldefels,16064.0472658,189,67.8830538627,4,16131.9303197,
Castell de l'Areny,798.692542086,3,0.0,0,798.692542086,
Castell de Mur,1776.10163524,17,0.0,0,1776.10163524,
Castellet i la Gornal,0.0,0,0.0,0,0.0,
Castellfollit de la Roca,1169.1813057,14,0.0,0,1169.1813057,
Castellfollit del Boix,1211.61112147,7,0.0,0,1211.61112147,
Castellfollit de Riubregós,0.0,0,97.1165952823,5,97.1165952823,
Castellgalí,7097.5357116,54,0.0,0,7097.5357116,
Castellnou de Bages,3621.08633651,27,0.0,0,3621.08633651,
Castellnou de Seana,851.512087931,14,0.0,0,851.512087931,
Castelló de Farfanya,4685.36327002,39,0.0,0,4685.36327002,
Castelló d'Empúries,1694.02030423,35,0.0,0,1694.02030423,
Castellolí,1669.31305043,15,0.0,0,1669.31305043,
Castell-Platja d'Aro,1760.69191955,19,0.0,0,1760.69191955,
Castellserà,6559.16737395,42,0.0,0,6559.16737395,
Castellterçol,1223.25524597,25,0.0,0,1223.25524597,
Castellvell del Camp,18882.9978699,51,0.0,0,18882.9978699,
Castellví de la Marca,17.3276761088,1,0.0,0,17.3276761088,
Castellví de Rosanes,10010.5259562,26,0.0,0,10010.5259562,
Cava,1820.55286237,21,0.0,0,1820.55286237,
Celrà,523.988450671,7,0.0,0,523.988450671,
Centelles,6068.28561268,84,247.425585905,8,6315.71119858,
Cercs,5457.14524507,49,67.7397906883,1,5524.88503576,
Cerdanyola del Vallès,13951.0903757,133,118.999130024,3,14070.0895057,
Cervelló,5723.99370974,51,0.0,0,5723.99370974,
Cervera,12506.4080223,123,270.626158432,4,12777.0341808,
Cervià de les Garrigues,335.263487635,7,0.0,0,335.263487635,
Cervià de Ter,305.392019292,9,0.0,0,305.392019292,
Cistella,2000.14043585,11,0.0,0,2000.14043585,
Ciutadilla,452.674185384,8,0.0,0,452.674185384,
Clariana de Cardener,293.399445435,3,0.0,0,293.399445435,
Colera,313.325620011,11,92.1439780769,1,405.469598088,
Collbató,10985.5031017,73,228.481812945,2,11213.9849146,
Colldejou,1351.69222285,20,0.0,0,1351.69222285,
Coll de Nargó,1959.31698659,22,1015.11375684,25,2974.43074343,
Collsuspina,299.278656385,4,0.0,0,299.278656385,
Colomers,212.223450834,2,847.113552696,12,1059.33700353,
Conca de Dalt,4306.43681542,34,905.195122487,8,5211.63193791,
Conesa,1749.41834021,26,0.0,0,1749.41834021,
Constantí,12591.5333298,83,76.4137014304,1,12667.9470312,
Copons,1444.44030568,16,0.0,0,1444.44030568,
Corbera d'Ebre,1619.36201434,21,0.0,0,1619.36201434,
Corbera de Llobregat,18225.1268875,86,80.6623495574,1,18305.789237,
Corbins,1337.44814725,17,0.0,0,1337.44814725,
Corçà,5516.18152556,28,819.886521866,10,6336.06804743,
Cornellà de Llobregat,681.079044064,10,0.0,0,681.079044064,
Cornellà del Terri,741.083863459,7,382.320682299,5,1123.40454576,
Cornudella de Montsant,3051.41651493,39,0.0,0,3051.41651493,
Creixell,4999.30932478,55,48.3291481846,1,5047.63847296,
Crespià,52.6087720858,1,29.9859877371,1,82.594759823,
Cruïlles, Monells i Sant Sadurní de l'Heura,4079.08807731,29,1817.78945908,19,5896.87753639,
Cubelles,333.141419599,8,0.0,0,333.141419599,
Cubells,2875.04603934,43,0.0,0,2875.04603934,
Cunit,9.68306005004,1,0.0,0,9.68306005004,
Darnius,0.0,0,0.0,0,0.0,
Das,6591.13501534,24,0.0,0,6591.13501534,
Deltebre,11848.7531044,96,0.0,0,11848.7531044,
Dosrius,19947.0190141,82,107.74370596,1,20054.76272,
Duesaigües,2024.84782491,24,0.0,0,2024.84782491,
el Bruc,5644.85077699,38,0.0,0,5644.85077699,
el Brull,571.97010008,4,0.0,0,571.97010008,
el Catllar,36512.1314783,177,0.0,0,36512.1314783,
el Cogul,1423.93584461,17,0.0,0,1423.93584461,
el Far d'Empordà,0.0,0,0.0,0,0.0,
el Lloar,1497.73261726,9,0.0,0,1497.73261726,
el Masnou,2457.43572223,23,71.84739233,1,2529.28311456,
el Masroig,403.509414236,13,0.0,0,403.509414236,
el Milà,0.0,0,0.0,0,0.0,
el Molar,238.488743889,7,0.0,0,238.488743889,
el Montmell,0.0,0,0.0,0,0.0,
el Morell,2491.01968566,19,0.0,0,2491.01968566,
el Palau d'Anglesola,14405.2918462,93,0.0,0,14405.2918462,
el Papiol,2426.17840902,26,0.0,0,2426.17840902,
el Perelló,6858.86289189,48,0.0,0,6858.86289189,
el Pinell de Brai,4208.94628207,54,0.0,0,4208.94628207,
el Pla del Penedès,0.0,0,0.0,0,0.0,
el Pla de Santa Maria,24264.7165034,105,0.0,0,24264.7165034,
el Poal,1179.26459179,14,0.0,0,1179.26459179,
el Pont d'Armentera,2923.92792745,20,0.0,0,2923.92792745,
el Pont de Bar,3464.1131556,33,740.322989278,7,4204.43614488,
el Pont de Suert,8976.69445422,67,608.807678895,7,9585.50213312,
el Pont de Vilomara i Rocafort,7419.55467767,62,65.9111446678,3,7485.46582234,
el Port de la Selva,12831.044896,93,0.0,0,12831.044896,
el Prat de Llobregat,19530.9130829,190,885.497903463,12,20416.4109864,
el Rourell,2383.8633389,13,0.0,0,2383.8633389,
els Alamús,1175.37699748,8,0.0,0,1175.37699748,
els Garidells,3718.66132415,18,0.0,0,3718.66132415,
els Guiamets,467.315087944,5,0.0,0,467.315087944,
els Hostalets de Pierola,8194.82615534,39,0.0,0,8194.82615534,
el Soleràs,198.963294515,4,0.0,0,198.963294515,
els Omellons,349.799710601,3,0.0,0,349.799710601,
els Omells de na Gaia,485.453985507,7,0.0,0,485.453985507,
els Pallaresos,6900.85143228,60,0.0,0,6900.85143228,
els Plans de Sió,4394.23150667,56,0.0,0,4394.23150667,
els Prats de Rei,1234.61448919,15,0.0,0,1234.61448919,
els Torms,707.80694093,14,0.0,0,707.80694093,
el Vendrell,1164.44082543,23,20.3641312951,1,1184.80495673,
el Vilosell,96.9357149284,1,0.0,0,96.9357149284,
es Bòrdes,1363.11956311,17,0.0,0,1363.11956311,
Esparreguera,29411.0879164,138,0.0,0,29411.0879164,
Espinelves,929.25135857,9,0.0,0,929.25135857,
Esplugues de Llobregat,194.843893516,9,0.0,0,194.843893516,
Espolla,0.0,0,0.0,0,0.0,
Esponellà,139.988958072,1,764.011177023,5,904.000135095,
Espot,3533.6696892,37,0.0,0,3533.6696892,
Estamariu,108.383411701,2,0.0,0,108.383411701,
Estaràs,2553.77718191,17,0.0,0,2553.77718191,
Esterri d'Àneu,3479.08751357,23,0.0,0,3479.08751357,
Esterri de Cardós,354.636841485,6,0.0,0,354.636841485,
Falset,4540.87992299,58,0.0,0,4540.87992299,
Farrera,696.704102343,4,945.606083951,9,1642.31018629,
Figaró-Montmany,548.578425906,2,0.0,0,548.578425906,
Fígols,578.383802838,8,0.0,0,578.383802838,
Fígols i Alinyà,2188.04446206,21,822.706175103,4,3010.75063716,
Figueres,12.4456437429,2,0.0,0,12.4456437429,
Figuerola del Camp,2122.6785403,27,0.0,0,2122.6785403,
Flaçà,0.0,0,0.0,0,0.0,
Flix,4502.50671208,48,0.0,0,4502.50671208,
Fogars de la Selva,1883.7462375,9,0.0,0,1883.7462375,
Fogars de Montclús,2436.68196793,12,0.0,0,2436.68196793,
Foixà,502.273730033,2,636.136921463,2,1138.4106515,
Folgueroles,1171.24378265,17,96.8904224076,1,1268.13420506,
Fondarella,5325.35075788,30,0.0,0,5325.35075788,
Fonollosa,4051.2466239,36,0.0,0,4051.2466239,
Fontanals de Cerdanya,11454.9901931,70,0.0,0,11454.9901931,
Fontanilles,1109.90481315,10,705.159759302,10,1815.06457245,
Fontcoberta,218.969973066,1,658.90524317,11,877.875216236,
Font-rubí,0.0,0,0.0,0,0.0,
Foradada,412.70672724,6,755.730258822,8,1168.43698606,
Forallac,11407.3519028,58,162.729641586,2,11570.0815444,
Forès,1501.04721295,29,0.0,0,1501.04721295,
Fornells de la Selva,2754.20208903,8,0.0,0,2754.20208903,
Fortià,0.0,0,0.0,0,0.0,
Freginals,210.091700786,2,0.0,0,210.091700786,
Fulleda,897.594006995,14,0.0,0,897.594006995,
Gaià,562.011063635,5,0.0,0,562.011063635,
Gallifa,1424.60920366,7,0.0,0,1424.60920366,
Gandesa,3197.11306002,32,0.0,0,3197.11306002,
Garcia,2873.90420927,41,0.0,0,2873.90420927,
Garrigàs,1375.19130546,8,368.511574959,4,1743.70288042,
Garrigoles,513.420958291,5,1022.47727324,10,1535.89823154,
Garriguella,222.379355543,2,0.0,0,222.379355543,
Gavà,11389.5660344,77,31.8969508932,1,11421.4629852,
Gavet de la Conca,4864.40889481,61,1695.90073408,18,6560.30962889,
Gelida,88.7737865281,2,0.0,0,88.7737865281,
Ger,4098.99176254,30,0.0,0,4098.99176254,
Gimenells i el Pla de la Font,3058.52844014,17,0.0,0,3058.52844014,
Ginestar,1938.80889004,30,0.0,0,1938.80889004,
Girona,1284.47163798,18,20.241222258,2,1304.71286024,
Gironella,8777.25792909,78,609.78272663,8,9387.04065572,
Gisclareny,0.0,0,0.0,0,0.0,
Godall,58.2235144986,1,0.0,0,58.2235144986,
Golmés,17369.1387026,78,0.0,0,17369.1387026,
Gombrèn,7142.53268032,27,0.0,0,7142.53268032,
Gósol,1035.56919944,8,2809.15038033,22,3844.71957977,
Granera,296.812458347,3,0.0,0,296.812458347,
Granollers,14267.6385624,73,0.0,0,14267.6385624,
Granyanella,5228.95121574,44,0.0,0,5228.95121574,
Granyena de les Garrigues,206.558642176,5,0.0,0,206.558642176,
Granyena de Segarra,1984.87783375,17,0.0,0,1984.87783375,
Gratallops,3333.31649401,42,0.0,0,3333.31649401,
Gualba,3574.01475393,23,0.0,0,3574.01475393,
Gualta,366.217145247,6,3353.30994112,14,3719.52708637,
Guardiola de Berguedà,2552.39866615,18,0.0,0,2552.39866615,
Guils de Cerdanya,5163.19569188,45,0.0,0,5163.19569188,
Guimerà,2154.77333631,37,0.0,0,2154.77333631,
Guissona,7025.21941387,54,0.0,0,7025.21941387,
Guixers,1439.24810123,4,0.0,0,1439.24810123,
Gurb,8847.19419141,57,1183.15051089,6,10030.3447023,
Horta de Sant Joan,2032.99220004,18,0.0,0,2032.99220004,
Hostalric,286.230793658,10,0.0,0,286.230793658,
Igualada,4312.83259229,54,246.126713695,2,4558.95930599,
Isona i Conca Dellà,4960.7567945,58,3711.71227798,55,8672.46907248,
Isòvol,1501.34481978,17,1539.31621249,12,3040.66103227,
Ivars de Noguera,3766.03249069,27,0.0,0,3766.03249069,
Ivars d'Urgell,4180.25895628,45,0.0,0,4180.25895628,
Ivorra,475.597555368,9,0.0,0,475.597555368,
Jafre,3579.29640829,23,0.0,0,3579.29640829,
Jorba,6699.50695246,39,0.0,0,6699.50695246,
Josa i Tuixén,3394.70387793,33,0.0,0,3394.70387793,
Juià,0.0,0,0.0,0,0.0,
Juncosa,7701.21709706,27,0.0,0,7701.21709706,
Juneda,2192.39530505,24,102.19136766,2,2294.58667271,
la Baronia de Rialb,2330.00319053,14,0.0,0,2330.00319053,
la Bisbal de Falset,2947.77657515,20,0.0,0,2947.77657515,
la Bisbal del Penedès,3.11751786057,1,0.0,0,3.11751786057,
la Bisbal d'Empordà,7897.8452462,58,101.278504729,3,7999.12375093,
la Canonja,13283.7154373,66,0.0,0,13283.7154373,
la Cellera de Ter,0.0,0,0.0,0,0.0,
la Coma i la Pedra,6068.94070915,28,0.0,0,6068.94070915,
la Fatarella,7963.52643988,21,0.0,0,7963.52643988,
la Febró,271.250364017,3,0.0,0,271.250364017,
la Figuera,408.533885423,5,0.0,0,408.533885423,
la Floresta,1150.64347093,12,0.0,0,1150.64347093,
la Fuliola,5208.8831977,46,0.0,0,5208.8831977,
la Galera,535.30809093,7,0.0,0,535.30809093,
la Garriga,11539.0441898,112,560.537125595,9,12099.5813154,
la Granada,178.889288826,2,0.0,0,178.889288826,
la Granadella,786.261804413,14,0.0,0,786.261804413,
la Granja d'Escarp,2644.11440997,20,0.0,0,2644.11440997,
la Guingueta d'Àneu,3010.84192332,30,1858.35794943,19,4869.19987275,
la Jonquera,4238.55317599,64,0.0,0,4238.55317599,
l'Albagés,1204.71218457,12,0.0,0,1204.71218457,
l'Albi,258.845135014,7,697.007325237,12,955.852460251,
l'Albiol,1520.17696204,5,0.0,0,1520.17696204,
l'Aldea,13095.5150808,47,0.0,0,13095.5150808,
l'Aleixar,4561.74421756,23,96.519413848,3,4658.26363141,
la Llacuna,0.0,0,0.0,0,0.0,
la Llagosta,2416.07332601,28,922.599671365,9,3338.67299737,
la Masó,0.0,0,0.0,0,0.0,
l'Ametlla del Vallès,34235.8458127,132,243.114101191,3,34478.9599139,
l'Ametlla de Mar,25510.5134886,237,82.9976606527,1,25593.5111492,
la Molsosa,1821.19992794,16,354.967329617,5,2176.16725756,
la Morera de Montsant,1043.60572161,12,0.0,0,1043.60572161,
l'Ampolla,8271.65742431,91,0.0,0,8271.65742431,
la Nou de Berguedà,1121.07050858,6,0.0,0,1121.07050858,
la Nou de Gaià,48.7893048512,2,82.5817205929,5,131.371025444,
la Palma d'Ebre,5445.02133538,44,0.0,0,5445.02133538,
la Palma de Cervelló,935.410506913,7,0.0,0,935.410506913,
la Pera,2037.18535431,22,0.0,0,2037.18535431,
la Pobla de Cérvoles,157.564287486,2,0.0,0,157.564287486,
la Pobla de Claramunt,7298.81741349,39,0.0,0,7298.81741349,
la Pobla de Lillet,5681.58328459,54,0.0,0,5681.58328459,
la Pobla de Mafumet,11967.4560309,62,0.0,0,11967.4560309,
la Pobla de Massaluca,390.984603812,8,0.0,0,390.984603812,
la Pobla de Montornès,4128.11770089,49,70.2431789656,1,4198.36087986,
la Pobla de Segur,3314.43943101,39,0.0,0,3314.43943101,
la Portella,1921.10312057,21,0.0,0,1921.10312057,
la Quar,0.0,0,20.3961712325,1,20.3961712325,
l'Arboç,140.510300286,4,0.0,0,140.510300286,
l'Argentera,312.232080614,8,0.0,0,312.232080614,
la Riba,2952.48835967,30,0.0,0,2952.48835967,
la Riera de Gaià,4434.65845338,24,0.0,0,4434.65845338,
l'Armentera,945.101613491,19,0.0,0,945.101613491,
la Roca del Vallès,13756.1159363,68,351.409859105,2,14107.5257954,
la Secuita,8213.71538722,47,0.0,0,8213.71538722,
la Selva del Camp,2188.64726769,33,0.0,0,2188.64726769,
la Selva de Mar,2026.97339941,19,0.0,0,2026.97339941,
la Sénia,5079.12341526,28,0.0,0,5079.12341526,
la Sentiu de Sió,2674.49535028,15,0.0,0,2674.49535028,
la Seu d'Urgell,16181.680682,105,1761.76429909,25,17943.4449811,
la Tallada d'Empordà,2244.20938184,23,0.0,0,2244.20938184,
la Torre de Cabdella,4188.96902566,61,198.801549746,3,4387.77057541,
la Torre de Claramunt,1211.72928947,19,0.0,0,1211.72928947,
la Torre de Fontaubella,660.382386791,7,0.0,0,660.382386791,
la Torre de l'Espanyol,883.629675508,7,0.0,0,883.629675508,
La Vajol,0.0,0,0.0,0,0.0,
la Vall de Bianya,4054.62951317,34,0.0,0,4054.62951317,
la Vall de Boí,5295.34647118,69,530.035886186,9,5825.38235737,
la Vall d'en Bas,7937.13717968,60,416.906868237,2,8354.04404792,
la Vansa i Fórnols,2525.90929595,28,763.097242264,8,3289.00653821,
la Vilella Alta,2305.31666729,21,0.0,0,2305.31666729,
la Vilella Baixa,1339.08413905,11,0.0,0,1339.08413905,
Les,3531.30421674,34,185.364850695,2,3716.66906743,
les Avellanes i Santa Linya,1909.86978877,37,346.176196649,8,2256.04598542,
les Borges Blanques,3538.83556188,24,0.0,0,3538.83556188,
les Borges del Camp,15528.1072471,63,0.0,0,15528.1072471,
les Cabanyes,0.0,0,0.0,0,0.0,
l'Escala,1584.2489585,27,0.0,0,1584.2489585,
les Franqueses del Vallès,9121.0561029,60,0.0,0,9121.0561029,
les Llosses,578.351375139,5,0.0,0,578.351375139,
les Masies de Roda,2743.8113818,12,0.0,0,2743.8113818,
les Masies de Voltregà,9387.75853086,65,128.414806703,1,9516.17333756,
les Oluges,1542.34997037,28,269.275829848,1,1811.62580022,
les Piles,619.033230158,12,0.0,0,619.033230158,
les Planes d'Hostoles,6.68952140443,1,1209.67458237,1,1216.36410378,
l'Espluga Calba,869.911802975,16,0.0,0,869.911802975,
l'Espluga de Francolí,2393.93741099,30,0.0,0,2393.93741099,
les Preses,2688.44754505,26,0.0,0,2688.44754505,
l'Espunyola,0.0,0,0.0,0,0.0,
l'Esquirol,5045.54501267,43,0.0,0,5045.54501267,
l'Estany,1583.49294786,12,218.794876596,2,1802.28782446,
les Valls d'Aguilar,1756.001624,17,2268.68949576,23,4024.69111976,
les Valls de Valira,4503.93937624,41,2283.78800838,24,6787.72738461,
l'Hospitalet de Llobregat,1305.40484561,14,0.0,0,1305.40484561,
Linyola,1972.71887155,30,0.0,0,1972.71887155,
Lladó,0.0,0,0.0,0,0.0,
Lladorre,1034.20869782,18,1403.24454696,19,2437.45324478,
Lladurs,1396.49736712,5,0.0,0,1396.49736712,
Llagostera,5368.22933745,42,0.0,0,5368.22933745,
Llambilles,746.700505401,10,0.0,0,746.700505401,
Llanars,2218.81186374,20,0.0,0,2218.81186374,
Llançà,1630.15959864,28,134.442523054,1,1764.6021217,
Llardecans,5513.58433063,23,0.0,0,5513.58433063,
Llavorsí,1396.43198466,11,81.5605392492,1,1477.99252391,
Lleida,44626.1849309,329,583.135419694,7,45209.3203506,
Llers,284.699490339,5,0.0,0,284.699490339,
Lles de Cerdanya,716.46820142,11,0.0,0,716.46820142,
Lliçà d'Amunt,1415.21710047,22,0.0,0,1415.21710047,
Lliçà de Vall,9668.52956128,50,0.0,0,9668.52956128,
Llimiana,0.0,0,1522.49348191,18,1522.49348191,
Llinars del Vallès,10340.7260037,44,6079.49448025,10,16420.220484,
Llobera,881.161653054,2,0.0,0,881.161653054,
Llorac,1570.1013092,28,0.0,0,1570.1013092,
Llorenç del Penedès,217.074723276,2,0.0,0,217.074723276,
Lloret de Mar,32919.9431055,269,0.0,0,32919.9431055,
Lluçà,327.05998716,3,0.0,0,327.05998716,
Maçanet de Cabrenys,20.6314898437,2,0.0,0,20.6314898437,
Maçanet de la Selva,9897.03237645,46,0.0,0,9897.03237645,
Madremanya,1212.08052328,5,371.89016263,6,1583.97068591,
Maià de Montcal,0.0,0,0.0,0,0.0,
Maials,5398.08264167,46,0.0,0,5398.08264167,
Maldà,850.410649375,11,0.0,0,850.410649375,
Malgrat de Mar,2365.09572329,25,340.582043497,5,2705.67776679,
Malla,1106.37136349,4,0.0,0,1106.37136349,
Manlleu,6774.44503127,56,540.092085856,8,7314.53711712,
Manresa,22231.0607222,290,1230.1399459,29,23461.2006681,
Marçà,2650.46734487,24,286.449217258,5,2936.91656213,
Margalef,1845.95694713,18,0.0,0,1845.95694713,
Marganell,4029.22511083,7,0.0,0,4029.22511083,
Martorell,12664.8377689,108,259.024607823,3,12923.8623767,
Martorelles,2742.18376468,42,0.0,0,2742.18376468,
Masarac,0.0,0,0.0,0,0.0,
Mas de Barberans,831.638863482,14,0.0,0,831.638863482,
Masdenverge,296.845322304,10,0.0,0,296.845322304,
Masllorenç,0.0,0,0.0,0,0.0,
Maspujols,4263.21359599,22,0.0,0,4263.21359599,
Masquefa,1015.48707562,12,0.0,0,1015.48707562,
Massalcoreig,2395.27334547,31,0.0,0,2395.27334547,
Massanes,1976.26176369,4,0.0,0,1976.26176369,
Massoteres,438.0150304,8,0.0,0,438.0150304,
Matadepera,4132.66856099,72,0.0,0,4132.66856099,
Mataró,18721.2545412,146,133.370897692,2,18854.6254389,
Medinyà,1141.58514034,7,0.0,0,1141.58514034,
Mediona,0.0,0,0.0,0,0.0,
Menàrguens,3257.68051801,28,0.0,0,3257.68051801,
Meranges,835.404359964,11,0.0,0,835.404359964,
Mieres,0.0,0,37.5980489106,1,37.5980489106,
Miralcamp,7487.70114867,41,0.0,0,7487.70114867,
Miravet,3311.4984387,24,0.0,0,3311.4984387,
Moià,3764.65331202,34,81.7051599376,1,3846.35847196,
Molins de Rei,365.788885234,5,0.0,0,365.788885234,
Mollerussa,17527.13159,108,0.0,0,17527.13159,
Mollet del Vallès,7025.8121001,77,1800.40656799,17,8826.21866809,
Mollet de Peralada,0.0,0,0.0,0,0.0,
Molló,877.001471204,9,0.0,0,877.001471204,
Monistrol de Calders,1335.0263495,23,0.0,0,1335.0263495,
Monistrol de Montserrat,6068.21328774,55,0.0,0,6068.21328774,
Montagut i Oix,838.585855372,5,434.128241751,6,1272.71409712,
Montblanc,5381.02553666,48,194.333870727,6,5575.35940738,
Montbrió del Camp,8518.73705207,46,0.0,0,8518.73705207,
Montcada i Reixac,14140.6732238,123,159.858314284,4,14300.5315381,
Montclar,0.0,0,0.0,0,0.0,
Montellà i Martinet,5140.58632864,57,0.0,0,5140.58632864,
Montesquiu,4076.33690238,13,0.0,0,4076.33690238,
Montferrer i Castellbò,13661.6191924,70,0.0,0,13661.6191924,
Montferri,5524.31577809,13,0.0,0,5524.31577809,
Montgai,2413.68705939,30,0.0,0,2413.68705939,
Montgat,3152.23583231,37,582.710106278,3,3734.94593858,
Montmajor,1734.64970658,10,0.0,0,1734.64970658,
Montmaneu,3755.03011604,18,0.0,0,3755.03011604,
Montmeló,7623.69966945,41,0.0,0,7623.69966945,
Montoliu de Lleida,5949.05970249,27,0.0,0,5949.05970249,
Montoliu de Segarra,1458.99565814,31,0.0,0,1458.99565814,
Montornès del Vallès,21680.3840982,141,253.994300201,2,21934.3783984,
Montornès de Segarra,836.832012645,11,0.0,0,836.832012645,
Mont-ral,4325.61393541,26,0.0,0,4325.61393541,
Mont-ras,6392.5058119,58,0.0,0,6392.5058119,
Mont-roig del Camp,48064.9606949,241,417.794615895,3,48482.7553108,
Montseny,966.939181285,4,0.0,0,966.939181285,
Móra d'Ebre,11712.9636622,105,78.6000443309,1,11791.5637066,
Móra la Nova,3619.5021374,26,0.0,0,3619.5021374,
Muntanyola,263.486460011,4,0.0,0,263.486460011,
Mura,1529.2151121,18,79.9600707305,2,1609.17518283,
Nalec,315.646262043,7,0.0,0,315.646262043,
Naut Aran,13917.2828218,116,1583.3021637,31,15500.5849855,
Navarcles,4398.02040072,47,0.0,0,4398.02040072,
Navàs,5798.46693605,56,175.080406337,1,5973.54734239,
Navata,437.816656303,4,0.0,0,437.816656303,
Navès,804.394600681,7,0.0,0,804.394600681,
Nulles,393.161277113,5,33.9557264909,1,427.117003604,
Odèn,1911.37955267,4,0.0,0,1911.37955267,
Òdena,6792.40201278,50,0.0,0,6792.40201278,
Ogassa,1951.54432308,10,0.0,0,1951.54432308,
Olèrdola,183.54664908,2,0.0,0,183.54664908,
Olesa de Bonesvalls,0.0,0,0.0,0,0.0,
Olesa de Montserrat,15511.4521076,76,0.0,0,15511.4521076,
Oliana,8215.02971165,80,0.0,0,8215.02971165,
Oliola,2345.31299726,26,0.0,0,2345.31299726,
Olius,2727.6193846,30,0.0,0,2727.6193846,
Olivella,0.0,0,0.0,0,0.0,
Olost,3890.91854922,33,74.6685529531,1,3965.58710218,
Olot,13493.1079067,147,127.958865119,1,13621.0667719,
Olvan,3547.75461333,32,0.0,0,3547.75461333,
Ordis,291.944989459,4,96.9607580172,3,388.905747476,
Organyà,3130.89495876,39,0.0,0,3130.89495876,
Orís,737.543971689,7,0.0,0,737.543971689,
Oristà,3132.39217581,22,0.0,0,3132.39217581,
Orpí,219.661964763,5,0.0,0,219.661964763,
Òrrius,1457.85839858,11,29.903212677,1,1487.76161125,
Os de Balaguer,5600.88565421,43,0.0,0,5600.88565421,
Osor,956.017448059,4,0.0,0,956.017448059,
Ossó de Sió,2147.50959665,44,0.0,0,2147.50959665,
Pacs del Penedès,0.0,0,0.0,0,0.0,
Palafolls,10800.5482657,52,0.0,0,10800.5482657,
Palafrugell,23115.9389466,220,945.379255603,8,24061.3182022,
Palamós,716.831994124,10,0.0,0,716.831994124,
Palau de Santa Eulàlia,358.276120548,2,575.807765682,11,934.083886231,
Palau-sator,2166.80432832,20,87.7838667975,1,2254.58819512,
Palau-saverdera,894.402101749,8,845.569880859,11,1739.97198261,
Palau-solità i Plegamans,5592.89865078,65,0.0,0,5592.89865078,
Pallejà,8760.8165158,98,273.108468783,3,9033.92498458,
Palol de Revardit,3263.50401747,22,89.5859080334,1,3353.08992551,
Pals,34918.8630758,168,243.584434804,3,35162.4475106,
Pardines,1346.78071739,19,0.0,0,1346.78071739,
Parets del Vallès,8622.22658524,61,0.0,0,8622.22658524,
Parlavà,1801.29821734,18,1697.23104741,15,3498.52926475,
Passanant i Belltall,1285.75517787,31,0.0,0,1285.75517787,
Pau,32.1663832012,1,0.0,0,32.1663832012,
Paüls,470.457597549,16,0.0,0,470.457597549,
Pedret i Marzà,0.0,0,0.0,0,0.0,
Penelles,1283.99413408,21,0.0,0,1283.99413408,
Perafita,1357.07738786,14,0.0,0,1357.07738786,
Perafort,3953.48617314,16,0.0,0,3953.48617314,
Peralada,0.0,0,0.0,0,0.0,
Peramola,1909.87104462,29,125.87710837,2,2035.74815299,
Piera,4260.4765423,43,262.930403463,4,4523.40694576,
Pineda de Mar,32972.7694828,207,16.7025026911,1,32989.4719855,
Pinell de Solsonès,376.020789833,5,0.0,0,376.020789833,
Pinós,1700.9692476,21,0.0,0,1700.9692476,
Pira,5260.6805757,38,0.0,0,5260.6805757,
Planoles,731.166573526,6,0.0,0,731.166573526,
Poboleda,3499.08071663,33,0.0,0,3499.08071663,
Polinyà,2076.67753322,16,227.528386422,2,2304.20591965,
Pont de Molins,3741.54573479,27,65.4518296543,3,3806.99756444,
Pontils,1330.36126084,15,0.0,0,1330.36126084,
Pontons,199.488278323,1,0.0,0,199.488278323,
Pontós,2103.8770466,14,0.0,0,2103.8770466,
Ponts,1832.21091122,27,0.0,0,1832.21091122,
Porqueres,757.173735773,9,375.50214261,5,1132.67587838,
Porrera,3875.40141453,45,0.0,0,3875.40141453,
Portbou,642.748804501,10,544.977723727,13,1187.72652823,
Pradell de la Teixeta,1789.15785962,18,0.0,0,1789.15785962,
Prades,2458.20392261,35,0.0,0,2458.20392261,
Prat de Comte,456.539777135,5,0.0,0,456.539777135,
Pratdip,4298.20905687,13,0.0,0,4298.20905687,
Prats de Lluçanès,3502.56754264,32,0.0,0,3502.56754264,
Prats i Sansor,2600.89892506,10,0.0,0,2600.89892506,
Preixana,1226.15145475,14,0.0,0,1226.15145475,
Preixens,1569.73835972,25,0.0,0,1569.73835972,
Premià de Dalt,12004.6089544,75,2381.59518392,18,14386.2041383,
Premià de Mar,507.208302657,5,0.0,0,507.208302657,
Prullans,4067.66185433,24,0.0,0,4067.66185433,
Puigcerdà,8605.14324677,80,237.388413737,3,8842.53166051,
Puigdàlber,0.0,0,0.0,0,0.0,
Puiggròs,687.938710455,8,0.0,0,687.938710455,
Puigpelat,13667.359323,54,0.0,0,13667.359323,
Puig-reig,6443.11314093,57,361.898333128,10,6805.01147406,
Puigverd d'Agramunt,387.85636237,8,0.0,0,387.85636237,
Puigverd de Lleida,5480.23736368,28,577.658141312,4,6057.89550499,
Pujalt,661.92943459,9,756.878060792,16,1418.80749538,
Quart,56.1437212561,2,0.0,0,56.1437212561,
Queralbs,1323.83002448,15,0.0,0,1323.83002448,
Querol,1741.80570025,11,47.0322938189,1,1788.83799407,
Rabós,0.0,0,0.0,0,0.0,
Rajadell,2502.13929873,24,0.0,0,2502.13929873,
Rasquera,650.154390017,13,0.0,0,650.154390017,
Regencós,1215.84268498,9,0.0,0,1215.84268498,
Rellinars,9372.31932306,30,0.0,0,9372.31932306,
Renau,287.990798624,2,0.0,0,287.990798624,
Reus,27959.2319375,451,0.0,0,27959.2319375,
Rialp,2038.0871379,17,286.557667154,3,2324.64480505,
Riba-roja d'Ebre,1831.76921321,20,0.0,0,1831.76921321,
Ribera d'Ondara,5229.32554076,48,0.0,0,5229.32554076,
Ribera d'Urgellet,5431.91060953,42,473.298990453,4,5905.20959998,
Ribes de Freser,3180.71775124,41,278.903075964,2,3459.62082721,
Riells i Viabrea,7232.89823586,36,0.0,0,7232.89823586,
Riner,2662.60925504,19,0.0,0,2662.60925504,
Ripoll,10953.8657368,85,0.0,0,10953.8657368,
Ripollet,5660.06667793,62,688.375782472,7,6348.44246041,
Riudarenes,1452.11178406,10,0.0,0,1452.11178406,
Riudaura,2260.40615223,11,0.0,0,2260.40615223,
Riudecanyes,3118.54834026,18,0.0,0,3118.54834026,
Riu de Cerdanya,1117.10356316,9,0.0,0,1117.10356316,
Riudecols,1049.88451889,5,0.0,0,1049.88451889,
Riudellots de la Selva,720.055480353,7,0.0,0,720.055480353,
Riudoms,6552.87865665,49,0.0,0,6552.87865665,
Riumors,0.0,0,0.0,0,0.0,
Rocafort de Queralt,69.6292110726,1,474.539397454,10,544.168608526,
Roda de Berà,11716.6882362,148,113.394034555,2,11830.0822708,
Roda de Ter,3833.80291535,36,0.0,0,3833.80291535,
Rodonyà,8557.52228032,31,0.0,0,8557.52228032,
Roquetes,5386.96643721,36,0.0,0,5386.96643721,
Roses,12444.9476476,161,0.0,0,12444.9476476,
Rosselló,7411.52605312,61,0.0,0,7411.52605312,
Rubí,11635.5488498,167,254.910287632,8,11890.4591375,
Rubió,254.168674036,1,93.6692177956,1,347.837891831,
Rupià,379.484187929,4,826.645970074,9,1206.130158,
Rupit i Pruit,104.7432893,5,478.110821093,6,582.854110393,
Sabadell,46335.1300175,352,963.540134623,9,47298.6701521,
Sagàs,0.0,0,0.0,0,0.0,
Salàs de Pallars,660.412260089,10,0.0,0,660.412260089,
Saldes,315.702372218,1,0.0,0,315.702372218,
Sales de Llierca,0.0,0,0.0,0,0.0,
Sallent,9676.15085903,101,1159.4509363,13,10835.6017953,
Salomó,2945.95645485,19,0.0,0,2945.95645485,
Salou,28735.1278644,216,0.0,0,28735.1278644,
Salt,399.255683396,5,0.0,0,399.255683396,
Sanaüja,1385.7027675,18,0.0,0,1385.7027675,
Santa Bàrbara,1984.04261092,26,0.0,0,1984.04261092,
Santa Cecília de Voltregà,600.306086516,5,0.0,0,600.306086516,
Santa Coloma de Cervelló,1485.2655573,23,0.0,0,1485.2655573,
Santa Coloma de Farners,21.7836732843,1,0.0,0,21.7836732843,
Santa Coloma de Gramenet,1325.43877009,12,136.647402805,2,1462.08617289,
Santa Coloma de Queralt,6057.16937361,46,352.306166875,16,6409.47554049,
Santa Cristina d'Aro,9326.58331094,33,0.0,0,9326.58331094,
Sant Adrià de Besòs,375.745865829,4,0.0,0,375.745865829,
Santa Eugènia de Berga,2474.19602866,27,0.0,0,2474.19602866,
Santa Eulàlia de Riuprimer,1908.30205869,18,0.0,0,1908.30205869,
Santa Eulàlia de Ronçana,1216.20196249,10,94.3640800224,1,1310.56604251,
Santa Fe del Penedès,0.0,0,0.0,0,0.0,
Sant Agustí de Lluçanès,1720.36479222,9,0.0,0,1720.36479222,
Santa Llogaia d'Àlguema,37.0298420051,2,0.0,0,37.0298420051,
Santa Margarida de Montbui,4949.02795326,32,160.499636338,2,5109.5275896,
Santa Margarida i els Monjos,136.099827375,2,0.0,0,136.099827375,
Santa Maria de Besora,0.0,0,0.0,0,0.0,
Santa Maria de Martorelles,848.709451104,7,0.0,0,848.709451104,
Santa Maria de Merlès,237.669073362,4,0.0,0,237.669073362,
Santa Maria de Miralles,0.0,0,0.0,0,0.0,
Santa Maria de Palautordera,8462.41453312,78,0.0,0,8462.41453312,
Santa Maria d'Oló,1152.89938733,13,0.0,0,1152.89938733,
Sant Andreu de la Barca,15640.9840123,101,35.5317918803,1,15676.5158042,
Sant Andreu de Llavaneres,21447.7961175,100,559.211026092,8,22007.0071436,
Sant Andreu Salou,170.082920179,2,0.0,0,170.082920179,
Sant Aniol de Finestres,260.858431541,3,0.0,0,260.858431541,
Sant Antoni de Vilamajor,5653.42101906,31,31.9418515908,1,5685.36287065,
Santa Oliva,46.0610803689,4,0.0,0,46.0610803689,
Santa Pau,454.300004514,4,342.854520385,3,797.154524899,
Santa Perpètua de Mogoda,10853.4875393,100,56.2952320479,1,10909.7827714,
Santa Susanna,18139.0333057,112,64.6247004888,1,18203.6580062,
Sant Bartomeu del Grau,3200.6757465,12,0.0,0,3200.6757465,
Sant Boi de Llobregat,20285.219279,231,730.21513247,10,21015.4344114,
Sant Boi de Lluçanès,2523.2674645,19,1273.4884749,13,3796.7559394,
Sant Carles de la Ràpita,7992.20855443,56,0.0,0,7992.20855443,
Sant Cebrià de Vallalta,15034.8738701,47,0.0,0,15034.8738701,
Sant Celoni,29931.6294489,178,0.0,0,29931.6294489,
Sant Climent de Llobregat,3837.43024441,24,0.0,0,3837.43024441,
Sant Climent Sescebes,0.0,0,0.0,0,0.0,
Sant Cugat del Vallès,46815.1690324,386,1086.65332668,4,47901.8223591,
Sant Cugat Sesgarrigues,51.2263694493,1,0.0,0,51.2263694493,
Sant Esteve de la Sarga,3582.16370264,52,0.0,0,3582.16370264,
Sant Esteve de Palautordera,3194.18076681,22,0.0,0,3194.18076681,
Sant Esteve Sesrovires,40053.2541691,140,0.0,0,40053.2541691,
Sant Feliu de Buixalleu,6936.54669094,25,0.0,0,6936.54669094,
Sant Feliu de Codines,1306.40031657,21,0.0,0,1306.40031657,
Sant Feliu de Guíxols,4838.48914441,61,0.0,0,4838.48914441,
Sant Feliu de Llobregat,1.07575694607,1,0.0,0,1.07575694607,
Sant Feliu de Pallerols,1362.41818414,11,0.0,0,1362.41818414,
Sant Feliu Sasserra,630.431403495,12,0.0,0,630.431403495,
Sant Ferriol,0.0,0,42.9396653207,1,42.9396653207,
Sant Fost de Campsentelles,3503.73687831,29,0.0,0,3503.73687831,
Sant Fruitós de Bages,17650.8336362,163,915.172624137,10,18566.0062603,
Sant Gregori,0.0,0,0.0,0,0.0,
Sant Guim de Freixenet,4708.51418712,46,0.0,0,4708.51418712,
Sant Guim de la Plana,964.454178733,26,0.0,0,964.454178733,
Sant Hilari Sacalm,814.749958852,13,0.0,0,814.749958852,
Sant Hipòlit de Voltregà,1406.20211969,11,51.5877455104,1,1457.7898652,
Sant Iscle de Vallalta,7867.72996758,21,70.7176105193,1,7938.4475781,
Sant Jaume de Frontanyà,578.654246043,2,0.0,0,578.654246043,
Sant Jaume de Llierca,3752.25281136,22,0.0,0,3752.25281136,
Sant Jaume dels Domenys,184.638661547,3,0.0,0,184.638661547,
Sant Jaume d'Enveja,7834.8531098,40,0.0,0,7834.8531098,
Sant Joan de les Abadesses,5261.58070959,37,0.0,0,5261.58070959,
Sant Joan de Mollet,13.5252188832,1,0.0,0,13.5252188832,
Sant Joan Despí,66.5272102148,2,0.0,0,66.5272102148,
Sant Joan de Vilatorrada,3177.57146289,35,279.430642808,3,3457.0021057,
Sant Joan les Fonts,5739.55657287,45,150.79131463,1,5890.3478875,
Sant Jordi Desvalls,864.975417905,7,0.0,0,864.975417905,
Sant Julià de Cerdanyola,3085.12357824,33,0.0,0,3085.12357824,
Sant Julià del Llor i Bonmatí,0.0,0,0.0,0,0.0,
Sant Julià de Ramis,1882.78096115,13,0.0,0,1882.78096115,
Sant Julià de Vilatorta,3637.9005914,40,0.0,0,3637.9005914,
Sant Just Desvern,348.784516713,12,0.0,0,348.784516713,
Sant Llorenç de la Muga,639.903339092,4,0.0,0,639.903339092,
Sant Llorenç de Morunys,3581.43798959,27,597.640446894,19,4179.07843648,
Sant Llorenç d'Hortons,178.115746199,3,0.0,0,178.115746199,
Sant Llorenç Savall,14094.9875187,57,0.0,0,14094.9875187,
Sant Martí d'Albars,392.602337131,3,0.0,0,392.602337131,
Sant Martí de Centelles,4333.76005198,36,0.0,0,4333.76005198,
Sant Martí de Llémena,328.698076792,6,0.0,0,328.698076792,
Sant Martí de Riucorb,2511.18650806,30,0.0,0,2511.18650806,
Sant Martí de Tous,5418.33010555,32,246.128778811,3,5664.45888436,
Sant Martí Sarroca,114.56133474,1,0.0,0,114.56133474,
Sant Martí Sesgueioles,717.60357147,11,0.0,0,717.60357147,
Sant Martí Vell,465.73218698,2,0.0,0,465.73218698,
Sant Mateu de Bages,5466.88766568,19,0.0,0,5466.88766568,
Sant Miquel de Campmajor,1220.69033481,7,201.446884233,2,1422.13721905,
Sant Miquel de Fluvià,1648.33210681,8,0.0,0,1648.33210681,
Sant Mori,2040.34192498,15,0.0,0,2040.34192498,
Sant Pau de Segúries,4365.49877945,23,0.0,0,4365.49877945,
Santpedor,12006.3850852,115,0.0,0,12006.3850852,
Sant Pere de Ribes,573.468362298,10,0.0,0,573.468362298,
Sant Pere de Riudebitlles,16.941042288,1,0.0,0,16.941042288,
Sant Pere de Torelló,1880.92153038,17,0.0,0,1880.92153038,
Sant Pere de Vilamajor,1340.4611047,16,0.0,0,1340.4611047,
Sant Pere Pescador,4251.41488951,54,0.0,0,4251.41488951,
Sant Pere Sallavinera,1182.52535031,19,0.0,0,1182.52535031,
Sant Pol de Mar,6016.83274589,47,0.0,0,6016.83274589,
Sant Quintí de Mediona,0.0,0,0.0,0,0.0,
Sant Quirze de Besora,4400.41809495,21,94.6578437714,1,4495.07593872,
Sant Quirze del Vallès,22105.6220677,173,3337.48026669,7,25443.1023344,
Sant Quirze Safaja,2576.58334136,15,0.0,0,2576.58334136,
Sant Ramon,2484.18730087,42,0.0,0,2484.18730087,
Sant Sadurní d'Anoia,0.0,0,0.0,0,0.0,
Sant Sadurní d'Osormort,93.2407237995,1,0.0,0,93.2407237995,
Sant Salvador de Guardiola,22065.7368756,67,183.822470676,3,22249.5593463,
Sant Vicenç de Castellet,7064.30012157,53,0.0,0,7064.30012157,
Sant Vicenç dels Horts,4872.67798015,104,63.7913834202,1,4936.46936357,
Sant Vicenç de Montalt,24672.858524,123,1164.16257861,11,25837.0211026,
Sant Vicenç de Torelló,2303.38778771,19,243.693525539,3,2547.08131325,
Sarral,441.743888842,11,219.452675702,3,661.196564544,
Sarrià de Ter,266.275883172,5,0.0,0,266.275883172,
Sarroca de Bellera,2221.13727322,28,0.0,0,2221.13727322,
Sarroca de Lleida,542.72999383,7,0.0,0,542.72999383,
Saus, Camallera i Llampaies,6811.23170101,49,0.0,0,6811.23170101,
Savallà del Comtat,231.025720434,7,0.0,0,231.025720434,
Senan,172.798358242,4,0.0,0,172.798358242,
Senterada,776.724976474,6,0.0,0,776.724976474,
Sentmenat,6502.3645434,46,0.0,0,6502.3645434,
Serinyà,1024.40590603,12,0.0,0,1024.40590603,
Seròs,4620.53906464,29,0.0,0,4620.53906464,
Serra de Daró,1407.10521741,13,0.0,0,1407.10521741,
Setcases,231.892343611,2,0.0,0,231.892343611,
Seva,5250.95489822,63,0.0,0,5250.95489822,
Sidamon,2215.01999871,21,0.0,0,2215.01999871,
Sils,1782.78996902,26,262.050926852,2,2044.84089587,
Sitges,434.771665924,6,0.0,0,434.771665924,
Siurana,970.930469263,8,451.136193789,7,1422.06666305,
Sobremunt,1088.27578252,9,0.0,0,1088.27578252,
Solivella,4507.15446856,35,0.0,0,4507.15446856,
Solsona,4388.50207958,66,0.0,0,4388.50207958,
Sora,3233.11321944,25,0.0,0,3233.11321944,
Soriguera,4022.45893166,48,627.148656328,7,4649.60758799,
Sort,9111.82890514,130,1411.24952482,12,10523.07843,
Soses,1956.04027148,13,0.0,0,1956.04027148,
Subirats,0.0,0,0.0,0,0.0,
Sudanell,1963.9982282,26,112.025979287,1,2076.02420749,
Sunyer,1815.05416616,11,0.0,0,1815.05416616,
Súria,4439.32229938,44,402.946812876,5,4842.26911225,
Susqueda,0.0,0,0.0,0,0.0,
Tagamanent,614.518211078,5,0.0,0,614.518211078,
Talamanca,446.802901729,8,0.0,0,446.802901729,
Talarn,8633.58578682,42,53.8331584628,2,8687.41894528,
Talavera,4278.13689297,39,272.486228854,2,4550.62312183,
Taradell,6433.67945692,42,0.0,0,6433.67945692,
Tarragona,84249.1680783,770,135.237624092,2,84384.4057024,
Tàrrega,8002.1410028,117,276.39224762,6,8278.53325042,
Tarrés,531.653668138,5,0.0,0,531.653668138,
Tarroja de Segarra,101.031551494,4,0.0,0,101.031551494,
Tavèrnoles,213.254309296,2,0.0,0,213.254309296,
Tavertet,545.258111281,11,0.0,0,545.258111281,
Teià,3593.8407072,42,0.0,0,3593.8407072,
Térmens,6633.60184851,37,0.0,0,6633.60184851,
Terrades,343.82844313,1,0.0,0,343.82844313,
Terrassa,40471.3621255,348,1347.52241053,7,41818.884536,
Tiana,976.203149441,7,46.7994747637,1,1023.0026242,
Tírvia,44.2935043959,1,1246.3462896,14,1290.63979399,
Tiurana,590.8115076,7,0.0,0,590.8115076,
Tivenys,640.644520203,14,0.0,0,640.644520203,
Tivissa,5353.17982423,65,0.0,0,5353.17982423,
Tona,3069.9099913,40,331.421387845,5,3401.33137915,
Torà,2573.45128369,30,0.0,0,2573.45128369,
Tordera,54525.6277673,193,131.362805864,4,54656.9905732,
Torelló,4851.63363096,56,861.236965421,2,5712.87059638,
Tornabous,2672.69897504,14,0.0,0,2672.69897504,
Torrebesses,3323.73814097,28,0.0,0,3323.73814097,
Torredembarra,8380.59504346,108,513.962524754,6,8894.55756822,
Torrefarrera,15814.8786579,74,414.323767408,3,16229.2024253,
Torrefeta i Florejacs,3868.41598885,69,0.0,0,3868.41598885,
Torregrossa,12035.5484811,59,27.8002375061,1,12063.3487187,
Torrelameu,0.0,0,1109.79997126,11,1109.79997126,
Torrelavit,481.683742017,4,0.0,0,481.683742017,
Torrelles de Foix,0.0,0,0.0,0,0.0,
Torrelles de Llobregat,9962.95324941,73,95.4097190346,1,10058.3629684,
Torrent,5749.35957636,15,0.0,0,5749.35957636,
Torres de Segre,3656.05999942,20,40.7310459425,1,3696.79104536,
Torre-serona,1912.07355819,8,0.0,0,1912.07355819,
Torroella de Fluvià,7621.31782311,40,0.0,0,7621.31782311,
Torroella de Montgrí,6072.42318414,76,99.9298001277,2,6172.35298427,
Torroja del Priorat,3056.68300943,19,0.0,0,3056.68300943,
Tortellà,38.3712163263,2,0.0,0,38.3712163263,
Tortosa,37957.6354963,215,0.0,0,37957.6354963,
Toses,4878.01099563,30,26.79346826,1,4904.80446389,
Tossa de Mar,10891.230632,71,0.0,0,10891.230632,
Tremp,18269.5432196,148,546.74348047,9,18816.2867,
Ullà,1082.87189526,15,0.0,0,1082.87189526,
Ullastrell,3930.7850434,21,0.0,0,3930.7850434,
Ullastret,534.28397434,7,2124.11630969,20,2658.40028403,
Ulldecona,3157.00653419,20,0.0,0,3157.00653419,
Ulldemolins,1294.25656884,11,0.0,0,1294.25656884,
Ultramort,2176.13645259,19,0.0,0,2176.13645259,
Urús,623.409164667,11,0.0,0,623.409164667,
Vacarisses,32770.8972383,216,0.0,0,32770.8972383,
Vallbona d'Anoia,2724.74117874,20,30.8266249233,1,2755.56780367,
Vallbona de les Monges,798.831046851,6,0.0,0,798.831046851,
Vallcebre,1444.75713056,12,0.0,0,1444.75713056,
Vallclara,897.047782632,9,0.0,0,897.047782632,
Vall de Cardós,1475.42422263,11,0.0,0,1475.42422263,
Vallfogona de Balaguer,5477.11038183,42,0.0,0,5477.11038183,
Vallfogona de Ripollès,1490.06041813,7,0.0,0,1490.06041813,
Vallfogona de Riucorb,1419.98941977,23,0.0,0,1419.98941977,
Vallgorguina,32060.66876,85,78.3970136023,1,32139.0657736,
Vallirana,27027.0589475,100,0.0,0,27027.0589475,
Vall-llobrega,62.1738226233,2,0.0,0,62.1738226233,
Vallmoll,11730.9224438,52,0.0,0,11730.9224438,
Vallromanes,5790.56942658,29,138.127606033,2,5928.69703261,
Valls,24723.9360976,143,0.0,0,24723.9360976,
Vandellòs i l'Hospitalet de l'Infant,22359.2546683,128,1489.72782165,11,23848.9824899,
Veciana,1744.61762201,14,272.521208892,3,2017.1388309,
Ventalló,2644.98233926,22,756.591531208,7,3401.57387046,
Verdú,3063.4781078,28,0.0,0,3063.4781078,
Verges,202.98777078,3,0.0,0,202.98777078,
Vespella de Gaià,3866.99461547,9,0.0,0,3866.99461547,
Vic,19845.1033378,172,2462.86245244,21,22307.9657902,
Vidrà,1016.79543629,10,0.0,0,1016.79543629,
Vidreres,9373.33239986,66,0.0,0,9373.33239986,
Vielha e Mijaran,11731.8771992,92,161.965728543,1,11893.8429277,
Vilabella,5676.92852144,42,0.0,0,5676.92852144,
Vilabertran,0.0,0,0.0,0,0.0,
Vilablareix,331.80088856,3,0.0,0,331.80088856,
Vilada,1857.69833254,18,0.0,0,1857.69833254,
Viladamat,852.186712581,8,513.752111353,7,1365.93882393,
Viladasens,408.730984986,3,541.243708998,7,949.974693985,
Viladecans,15123.5534259,152,419.385558937,4,15542.9389849,
Viladecavalls,7827.27245688,95,0.0,0,7827.27245688,
Vilademuls,2257.16735505,13,3120.87416374,31,5378.04151879,
Viladrau,7202.42668643,50,0.0,0,7202.42668643,
Vilafant,322.22600103,6,0.0,0,322.22600103,
Vilafranca del Penedès,458.939296756,5,0.0,0,458.939296756,
Vilagrassa,1108.62297049,13,0.0,0,1108.62297049,
Vilajuïga,0.0,0,0.0,0,0.0,
Vilalba dels Arcs,2826.47885027,27,0.0,0,2826.47885027,
Vilalba Sasserra,3637.49817656,21,0.0,0,3637.49817656,
Vilaller,3425.87251444,29,0.0,0,3425.87251444,
Vilallonga del Camp,4367.25113935,46,13.3169151813,1,4380.56805453,
Vilallonga de Ter,3795.98354031,21,278.02662813,2,4074.01016844,
Vilamacolum,1382.47742384,12,0.0,0,1382.47742384,
Vilamalla,0.0,0,0.0,0,0.0,
Vilamaniscle,44.6577449659,1,0.0,0,44.6577449659,
Vilamòs,1121.95098275,11,0.0,0,1121.95098275,
Vilanant,1492.45107992,14,0.0,0,1492.45107992,
Vilanova de Bellpuig,8193.06524528,36,0.0,0,8193.06524528,
Vilanova de la Barca,7378.06960325,31,0.0,0,7378.06960325,
Vilanova de l'Aguda,1001.11447667,15,0.0,0,1001.11447667,
Vilanova del Camí,5708.34342903,38,0.0,0,5708.34342903,
Vilanova del Vallès,26088.0003568,79,0.0,0,26088.0003568,
Vilanova de Meià,2128.7654128,29,803.92292883,14,2932.68834163,
Vilanova de Prades,1593.17452588,17,0.0,0,1593.17452588,
Vilanova de Sau,372.701305576,7,0.0,0,372.701305576,
Vilanova d'Escornalbou,4568.01289661,32,0.0,0,4568.01289661,
Vilanova de Segrià,3774.42230577,26,0.0,0,3774.42230577,
Vilanova i la Geltrú,398.088706745,9,0.0,0,398.088706745,
Vilaplana,1683.7657105,17,0.0,0,1683.7657105,
Vila-rodona,6035.29592084,23,0.0,0,6035.29592084,
Vila-sacra,0.0,0,0.0,0,0.0,
Vila-sana,3690.65034781,14,0.0,0,3690.65034781,
Vila-seca,9761.70679644,36,0.0,0,9761.70679644,
Vilassar de Dalt,11482.9440993,62,704.70206695,8,12187.6461663,
Vilassar de Mar,4229.5762936,40,310.710560731,4,4540.28685433,
Vilaür,920.444416102,7,988.750250329,13,1909.19466643,
Vilaverd,3737.82427954,30,299.094024553,1,4036.91830409,
Vilobí del Penedès,0.0,0,13.3802127677,1,13.3802127677,
Vilobí d'Onyar,2926.70145977,16,0.0,0,2926.70145977,
Vilopriu,3094.22693239,15,477.295672917,4,3571.52260531,
Vimbodí i Poblet,7333.24436955,53,0.0,0,7333.24436955,
Vinaixa,3116.80070176,28,0.0,0,3116.80070176,
Vinebre,457.930863493,12,0.0,0,457.930863493,
Vinyols i els Arcs,2391.84540182,27,0.0,0,2391.84540182,
Viver i Serrateix,0.0,0,202.718861054,1,202.718861054,
Xerta,548.499934789,4,18.7928067752,1,567.292741564,
