Abella de la Conca;275.771983814;4;442.169847414;4;717.941831228;
Abrera;10762.8332655;98;0.0;0;10762.8332655;
Àger;1941.13762897;32;427.980784703;9;2369.11841367;
Agramunt;3645.66882874;66;0.0;0;3645.66882874;
Aguilar de Segarra;939.269884639;5;114.57303156;2;1053.8429162;
Agullana;50.242926653;1;0.0;0;50.242926653;
Aiguafreda;649.52025278;17;53.5433170488;2;703.063569828;
Aiguamúrcia;2642.8727481;14;153.608005054;4;2796.48075316;
Aiguaviva;1153.81165935;10;71.6273601963;1;1225.43901954;
Aitona;2893.06671637;16;0.0;0;2893.06671637;
Alàs i Cerc;1866.97908486;26;716.63381339;11;2583.61289825;
Albanyà;22.8015957364;1;0.0;0;22.8015957364;
Albatàrrec;4491.75429856;22;0.0;0;4491.75429856;
Albesa;2847.2589604;20;0.0;0;2847.2589604;
Albinyana;508.731477664;7;19.2541580534;1;527.985635717;
Albons;505.847146326;6;103.740166782;3;609.587313108;
Alcanar;6361.03928293;50;241.458286552;2;6602.49756949;
Alcanó;802.365636305;11;0.0;0;802.365636305;
Alcarràs;13274.9995959;81;215.111434405;2;13490.1110303;
Alcoletge;4844.46395653;47;0.0;0;4844.46395653;
Alcover;1384.83351316;20;393.124957588;17;1777.95847075;
Aldover;752.457504964;11;0.0;0;752.457504964;
Alella;2717.41143342;31;1317.6079458;7;4035.01937921;
Alfara de Carles;498.462984849;5;320.439795491;11;818.90278034;
Alfarràs;3665.24583568;39;0.0;0;3665.24583568;
Alfés;0.0;0;88.4939361261;2;88.4939361261;
Alforja;3327.13918793;33;0.0;0;3327.13918793;
Algerri;673.886442895;5;234.402390157;6;908.288833053;
Alguaire;10515.9991707;89;0.0;0;10515.9991707;
Alins;360.768814823;2;1830.7218482;20;2191.49066302;
Alió;2728.22701178;16;120.901926256;3;2849.12893804;
Almacelles;3810.25636767;29;0.0;0;3810.25636767;
Almatret;1297.3423141;5;0.0;0;1297.3423141;
Almenar;1971.84685912;15;752.587851387;9;2724.43471051;
Almoster;240.367233998;3;132.452628712;4;372.81986271;
Alòs de Balaguer;0.0;0;92.2118764219;4;92.2118764219;
Alp;9131.2394021;51;361.506898576;8;9492.74630068;
Alpens;203.296361259;5;862.773648722;12;1066.07000998;
Alpicat;18779.0709907;94;0.0;0;18779.0709907;
Altafulla;2310.82878014;38;147.15005774;2;2457.97883788;
Alt Àneu;341.563111672;10;1796.64536782;25;2138.20847949;
Amer;147.222457199;5;34.1459786832;2;181.368435882;
Amposta;4190.39525366;49;171.528804051;2;4361.92405771;
Anglès;2991.50668328;23;604.689359216;7;3596.1960425;
Anglesola;2589.34424622;21;0.0;0;2589.34424622;
Arbeca;704.56769891;16;76.1170561917;2;780.684755101;
Arbolí;0.0;0;188.94761545;4;188.94761545;
Arbúcies;5873.86584093;29;0.0;0;5873.86584093;
Arenys de Mar;7273.23908064;59;0.0;0;7273.23908064;
Arenys de Munt;6438.14663305;39;0.0;0;6438.14663305;
Argelaguer;1514.90086199;5;625.199476876;6;2140.10033886;
Argençola;237.249069074;3;2196.54518359;22;2433.79425266;
Argentona;12912.3863478;60;249.592071879;2;13161.9784197;
Arnes;8.62398580545;1;940.94380408;17;949.567789886;
Arres;0.0;0;319.340510902;14;319.340510902;
Arsèguel;302.513777347;3;0.0;0;302.513777347;
Artés;2309.81945366;41;113.192562294;3;2423.01201595;
Artesa de Lleida;2558.1596905;26;290.30751851;6;2848.46720901;
Artesa de Segre;5617.35248425;110;1912.17611821;28;7529.52860246;
Ascó;2304.35435638;12;475.839046288;12;2780.19340267;
Aspa;1046.4886477;10;417.348187932;5;1463.83683563;
Avià;2116.27813169;23;618.889591535;3;2735.16772323;
Avinyó;4316.88793943;26;213.677172037;3;4530.56511147;
Avinyonet del Penedès;1355.39680672;13;0.0;0;1355.39680672;
Avinyonet de Puigventós;344.420270658;3;16.3338236825;1;360.75409434;
Badalona;1441.82730141;19;0.0;0;1441.82730141;
Badia del Vallès;682.461635366;12;0.0;0;682.461635366;
Bagà;4062.82684294;39;0.0;0;4062.82684294;
Baix Pallars;1253.65825953;20;0.0;0;1253.65825953;
Balaguer;6746.51165052;46;0.0;0;6746.51165052;
Balenyà;5702.36915368;47;0.0;0;5702.36915368;
Balsareny;3424.30619051;40;0.0;0;3424.30619051;
Banyeres del Penedès;2042.103046;15;72.9564571087;1;2115.05950311;
Banyoles;3702.53431802;66;2260.22790565;33;5962.76222367;
Barbens;2108.31263363;16;0.0;0;2108.31263363;
Barberà de la Conca;355.864142076;2;0.0;0;355.864142076;
Barberà del Vallès;15426.9976228;149;647.65240068;5;16074.6500235;
Barcelona;3728.97256112;65;1165.96138524;17;4894.93394636;
Bàscara;4172.20305126;38;96.5392315597;1;4268.74228282;
Bassella;761.706879383;7;153.933897026;2;915.64077641;
Batea;1513.97723643;23;0.0;0;1513.97723643;
Bausen;199.888412212;7;0.0;0;199.888412212;
Begues;801.88214556;19;77.4259221351;1;879.308067695;
Begur;24033.7791636;129;691.823066504;9;24725.6022301;
Belianes;999.07614215;18;0.0;0;999.07614215;
Bellaguarda;64.9964924853;2;0.0;0;64.9964924853;
Bellcaire d'Empordà;1506.3322751;13;0.0;0;1506.3322751;
Bellcaire d'Urgell;10253.5380591;56;0.0;0;10253.5380591;
Bell-lloc d'Urgell;12384.8754463;72;0.0;0;12384.8754463;
Bellmunt del Priorat;2875.37517367;18;0.0;0;2875.37517367;
Bellmunt d'Urgell;386.950067513;6;0.0;0;386.950067513;
Bellprat;0.0;0;410.56821122;8;410.56821122;
Bellpuig;9031.14871287;75;108.196458393;2;9139.34517126;
Bellvei;1802.94075786;14;24.9995214505;1;1827.94027931;
Bellver de Cerdanya;11357.2865607;79;3223.67392036;34;14580.9604811;
Bellvís;1071.68840216;26;69.6148909827;1;1141.30329314;
Benavent de Segrià;1610.78453028;18;0.0;0;1610.78453028;
Benifallet;2197.50247773;35;0.0;0;2197.50247773;
Benissanet;1955.93421702;19;0.0;0;1955.93421702;
Berga;20393.4954694;144;1525.23777509;10;21918.7332445;
Besalú;1953.93834987;29;73.1167182971;1;2027.05506817;
Bescanó;1631.58959273;24;0.0;0;1631.58959273;
Beuda;0.0;0;0.0;0;0.0;
Bigues i Riells;10584.5539197;57;191.734966934;3;10776.2888866;
Biosca;2261.14853246;32;0.0;0;2261.14853246;
Biure;0.0;0;1611.10544378;17;1611.10544378;
Blancafort;1172.19396015;13;0.0;0;1172.19396015;
Blanes;3352.56734103;49;0.0;0;3352.56734103;
Boadella i les Escaules;645.261832203;11;0.0;0;645.261832203;
Bolvir;3803.548041;25;0.0;0;3803.548041;
Bonastre;0.0;0;52.344309406;2;52.344309406;
Bordils;1184.30393314;4;236.712306309;5;1421.01623945;
Borrassà;1007.01662511;6;0.0;0;1007.01662511;
Borredà;4003.69522964;33;0.0;0;4003.69522964;
Bossòst;840.919080487;20;0.0;0;840.919080487;
Bot;1153.10554179;18;0.0;0;1153.10554179;
Botarell;1882.56361825;18;0.0;0;1882.56361825;
Bovera;266.083006974;6;0.0;0;266.083006974;
Bràfim;4245.64229346;15;0.0;0;4245.64229346;
Breda;6051.98100298;43;0.0;0;6051.98100298;
Brunyola;290.352901593;3;0.0;0;290.352901593;
Cabacés;2669.13949712;21;0.0;0;2669.13949712;
Cabanabona;586.664513069;16;0.0;0;586.664513069;
Cabanelles;185.553951747;4;0.0;0;185.553951747;
Cabanes;0.0;0;0.0;0;0.0;
Cabó;824.722905485;11;0.0;0;824.722905485;
Cabra del Camp;904.004714698;9;0.0;0;904.004714698;
Cabrera d'Anoia;483.648256879;8;0.0;0;483.648256879;
Cabrera de Mar;3773.3812215;30;1510.78527259;13;5284.16649409;
Cabrils;4142.3685207;50;441.599676963;10;4583.96819766;
Cadaqués;7263.44779563;47;1590.35897356;18;8853.80676919;
Calaf;6115.49099949;57;202.476181913;9;6317.96718141;
Calafell;1347.39548188;19;56.7621653035;1;1404.15764719;
Calders;1899.45377319;19;0.0;0;1899.45377319;
Caldes de Malavella;9986.76616269;48;0.0;0;9986.76616269;
Caldes de Montbui;9933.32739517;70;557.312058342;7;10490.6394535;
Caldes d'Estrac;5189.36054714;31;0.0;0;5189.36054714;
Calella;6098.90484399;57;382.300386669;5;6481.20523066;
Calldetenes;2292.45135204;37;0.0;0;2292.45135204;
Callús;3480.47561145;32;563.466278809;4;4043.94189025;
Calonge;2196.11274366;20;0.0;0;2196.11274366;
Calonge de Segarra;1691.03784216;17;154.529724749;2;1845.56756691;
Camarasa;4200.44430257;48;332.982665542;8;4533.42696811;
Camarles;4647.82117173;17;0.0;0;4647.82117173;
Cambrils;14666.5899238;237;217.412876994;2;14884.0028008;
Camós;1769.58821814;23;612.242983733;8;2381.83120187;
Campdevànol;6658.17102298;38;0.0;0;6658.17102298;
Campelles;1796.38593329;14;0.0;0;1796.38593329;
Campins;3985.8072757;16;0.0;0;3985.8072757;
Campllong;1011.12051297;6;0.0;0;1011.12051297;
Camprodon;6662.18434632;74;0.0;0;6662.18434632;
Canejan;866.313707347;14;0.0;0;866.313707347;
Canet d'Adri;165.498522588;1;0.0;0;165.498522588;
Canet de Mar;5545.57363521;75;6.90163572903;1;5552.47527093;
Canovelles;4874.45540661;37;579.121385924;6;5453.57679253;
Cànoves i Samalús;11472.1935516;59;0.0;0;11472.1935516;
Cantallops;445.42681306;10;0.0;0;445.42681306;
Canyelles;1494.73734182;18;137.558333592;3;1632.29567541;
Capafonts;1581.89754187;20;0.0;0;1581.89754187;
Capçanes;2618.33389273;16;0.0;0;2618.33389273;
Capellades;864.090480185;7;0.0;0;864.090480185;
Capmany;356.768558595;9;0.0;0;356.768558595;
Capolat;80.1583794254;1;0.0;0;80.1583794254;
Cardedeu;6640.92058259;63;0.0;0;6640.92058259;
Cardona;9894.84731487;57;761.469058673;14;10656.3163735;
Carme;311.646172588;5;0.0;0;311.646172588;
Caseres;895.6474723;12;0.0;0;895.6474723;
Cassà de la Selva;3278.21682233;16;140.845485072;2;3419.0623074;
Casserres;2191.86876174;17;367.442105476;9;2559.31086721;
Castellar de la Ribera;320.632219878;2;0.0;0;320.632219878;
Castellar del Riu;1576.74318205;9;0.0;0;1576.74318205;
Castellar del Vallès;36169.8884672;146;481.516366262;4;36651.4048334;
Castellar de n'Hug;976.743770202;4;2601.63846437;19;3578.38223457;
Castellbell i el Vilar;19798.2838114;107;0.0;0;19798.2838114;
Castellbisbal;8787.81740225;75;21.7386076858;1;8809.55600994;
Castellcir;390.914660543;2;0.0;0;390.914660543;
Castelldans;3594.00532568;27;0.0;0;3594.00532568;
Castelldefels;2157.49225843;36;0.0;0;2157.49225843;
Castell de l'Areny;798.692542092;3;0.0;0;798.692542092;
Castell de Mur;663.887761903;12;0.0;0;663.887761903;
Castellet i la Gornal;1640.51087439;18;553.848094582;6;2194.35896897;
Castellfollit de la Roca;883.293922049;10;198.51706074;1;1081.81098279;
Castellfollit del Boix;1211.61112147;7;0.0;0;1211.61112147;
Castellfollit de Riubregós;0.0;0;97.1165952797;5;97.1165952797;
Castellgalí;7095.35139295;60;0.0;0;7095.35139295;
Castellnou de Bages;3621.0863365;27;0.0;0;3621.0863365;
Castellnou de Seana;851.512087932;14;0.0;0;851.512087932;
Castelló de Farfanya;4685.36327004;39;0.0;0;4685.36327004;
Castelló d'Empúries;3202.98522268;63;0.0;0;3202.98522268;
Castellolí;430.495561178;7;0.0;0;430.495561178;
Castell-Platja d'Aro;2592.01605912;31;0.0;0;2592.01605912;
Castellserà;6559.16737398;42;0.0;0;6559.16737398;
Castellterçol;1360.88415897;26;0.0;0;1360.88415897;
Castellvell del Camp;1074.86200709;7;0.0;0;1074.86200709;
Castellví de la Marca;248.775131767;4;143.270275295;4;392.045407062;
Castellví de Rosanes;8732.57710748;19;0.0;0;8732.57710748;
Cava;1816.11828924;21;0.0;0;1816.11828924;
Celrà;2668.46314509;22;224.324646239;4;2892.78779133;
Centelles;4994.591767;82;0.0;0;4994.591767;
Cercs;4108.14406205;44;67.7397906894;1;4175.88385274;
Cerdanyola del Vallès;10065.0670782;82;118.999130024;3;10184.0662082;
Cervelló;2554.67633806;25;0.0;0;2554.67633806;
Cervera;10460.9933292;113;492.360631017;6;10953.3539602;
Cervià de les Garrigues;335.263487637;7;0.0;0;335.263487637;
Cervià de Ter;227.712562157;8;0.0;0;227.712562157;
Cistella;780.507573631;6;0.0;0;780.507573631;
Ciutadilla;452.674185389;8;0.0;0;452.674185389;
Clariana de Cardener;293.399445436;3;0.0;0;293.399445436;
Colera;527.463462583;10;92.143978078;1;619.607440661;
Collbató;9708.7804996;72;228.481812948;2;9937.26231254;
Colldejou;1351.69222286;20;0.0;0;1351.69222286;
Coll de Nargó;1654.58212926;19;782.945862271;12;2437.52799153;
Collsuspina;354.014711179;5;0.0;0;354.014711179;
Colomers;0.0;0;244.589385204;6;244.589385204;
Conca de Dalt;4245.94367632;37;905.195122484;8;5151.1387988;
Conesa;1749.4183402;26;0.0;0;1749.4183402;
Constantí;9322.5576376;68;76.4137014325;1;9398.97133903;
Copons;153.357370377;2;0.0;0;153.357370377;
Corbera d'Ebre;2326.46091457;26;0.0;0;2326.46091457;
Corbera de Llobregat;1809.82039918;27;80.6623495574;1;1890.48274874;
Corbins;1353.83863249;19;0.0;0;1353.83863249;
Corçà;4356.98523221;26;603.428895398;8;4960.41412761;
Cornellà de Llobregat;1579.69667259;20;642.197805727;5;2221.89447831;
Cornellà del Terri;1850.26939103;15;2089.64194652;25;3939.91133755;
Cornudella de Montsant;3051.41651495;39;0.0;0;3051.41651495;
Creixell;5974.78855421;63;48.3291481873;1;6023.1177024;
Crespià;513.524617537;4;29.9859877381;1;543.510605275;
Cruïlles, Monells i Sant Sadurní de l'Heura;3592.67507998;25;1817.78945909;19;5410.46453907;
Cubelles;896.726495064;14;0.0;0;896.726495064;
Cubells;2690.0274001;42;0.0;0;2690.0274001;
Cunit;55.1879317782;1;0.0;0;55.1879317782;
Darnius;270.665041272;5;0.0;0;270.665041272;
Das;6591.13501536;24;0.0;0;6591.13501536;
Deltebre;10294.8449284;92;0.0;0;10294.8449284;
Dosrius;20403.1972851;78;107.74370596;1;20510.940991;
Duesaigües;2024.84782491;24;0.0;0;2024.84782491;
el Bruc;1999.50651005;6;0.0;0;1999.50651005;
el Brull;450.037873283;3;0.0;0;450.037873283;
el Catllar;13673.482175;82;0.0;0;13673.482175;
el Cogul;1423.93584462;17;0.0;0;1423.93584462;
el Far d'Empordà;2855.10414942;26;0.0;0;2855.10414942;
el Lloar;1497.73261726;9;0.0;0;1497.73261726;
el Masnou;1373.73457139;12;71.8473923306;1;1445.58196372;
el Masroig;403.509414239;13;0.0;0;403.509414239;
el Milà;0.0;0;0.0;0;0.0;
el Molar;238.488743887;7;0.0;0;238.488743887;
el Montmell;360.620632754;3;0.0;0;360.620632754;
el Morell;2491.01968567;19;0.0;0;2491.01968567;
el Palau d'Anglesola;4229.03465491;57;0.0;0;4229.03465491;
el Papiol;2420.9029979;26;0.0;0;2420.9029979;
el Perelló;5561.52192365;44;184.596304929;2;5746.11822858;
el Pinell de Brai;4174.13992472;54;0.0;0;4174.13992472;
el Pla del Penedès;0.0;0;0.0;0;0.0;
el Pla de Santa Maria;11169.7431791;44;40.8192023283;1;11210.5623815;
el Poal;1179.26459179;14;0.0;0;1179.26459179;
el Pont d'Armentera;2923.92792747;20;0.0;0;2923.92792747;
el Pont de Bar;931.883720878;11;203.289327155;5;1135.17304803;
el Pont de Suert;8977.31372964;68;608.807678898;7;9586.12140854;
el Pont de Vilomara i Rocafort;7419.55467769;62;65.9111446701;3;7485.46582236;
el Port de la Selva;2897.74703741;16;0.0;0;2897.74703741;
el Prat de Llobregat;1034.6172045;20;409.189961844;5;1443.80716634;
el Rourell;1210.21972403;9;0.0;0;1210.21972403;
els Alamús;1175.3769975;8;0.0;0;1175.3769975;
els Garidells;3718.66132418;20;0.0;0;3718.66132418;
els Guiamets;467.981060031;5;0.0;0;467.981060031;
els Hostalets de Pierola;2554.04901753;20;0.0;0;2554.04901753;
el Soleràs;198.963294512;4;0.0;0;198.963294512;
els Omellons;349.799710601;3;0.0;0;349.799710601;
els Omells de na Gaia;485.453985503;7;0.0;0;485.453985503;
els Pallaresos;7568.49405303;68;709.313720106;2;8277.80777314;
els Plans de Sió;4394.23150671;56;0.0;0;4394.23150671;
els Prats de Rei;1234.61448918;15;0.0;0;1234.61448918;
els Torms;707.806940931;14;0.0;0;707.806940931;
el Vendrell;2719.63739051;46;657.770893496;3;3377.40828401;
el Vilosell;96.9357149311;1;0.0;0;96.9357149311;
es Bòrdes;1337.70592609;17;0.0;0;1337.70592609;
Esparreguera;13586.999479;101;0.0;0;13586.999479;
Espinelves;930.930121765;9;0.0;0;930.930121765;
Esplugues de Llobregat;780.691964605;23;0.0;0;780.691964605;
Espolla;259.773618;4;0.0;0;259.773618;
Esponellà;305.233163422;4;764.011177019;5;1069.24434044;
Espot;2780.42956968;37;0.0;0;2780.42956968;
Estamariu;108.383411701;2;0.0;0;108.383411701;
Estaràs;2553.77718191;17;0.0;0;2553.77718191;
Esterri d'Àneu;2290.92209599;9;0.0;0;2290.92209599;
Esterri de Cardós;130.062030315;4;0.0;0;130.062030315;
Falset;3827.58557603;53;0.0;0;3827.58557603;
Farrera;640.79873889;6;1390.97815045;22;2031.77688934;
Figaró-Montmany;630.856338134;3;0.0;0;630.856338134;
Fígols;580.975706355;8;0.0;0;580.975706355;
Fígols i Alinyà;2188.04446206;21;822.706175098;4;3010.75063715;
Figueres;6131.38985558;74;30.1898324855;1;6161.57968807;
Figuerola del Camp;2122.67855217;27;0.0;0;2122.67855217;
Flaçà;2023.80045908;14;0.0;0;2023.80045908;
Flix;4645.60767697;50;0.0;0;4645.60767697;
Fogars de la Selva;1883.74623751;9;0.0;0;1883.74623751;
Fogars de Montclús;2214.22387803;11;0.0;0;2214.22387803;
Foixà;534.670303433;3;528.855078445;3;1063.52538188;
Folgueroles;1172.38531124;18;96.8904224087;1;1269.27573365;
Fondarella;1369.50553576;8;0.0;0;1369.50553576;
Fonollosa;4054.76440063;36;0.0;0;4054.76440063;
Fontanals de Cerdanya;11510.6915149;71;149.943273114;2;11660.634788;
Fontanilles;1109.90481315;10;705.159759302;10;1815.06457245;
Fontcoberta;1104.02622473;7;658.905243173;11;1762.9314679;
Font-rubí;299.454911791;4;982.875101627;12;1282.33001342;
Foradada;412.706727233;6;755.730258829;8;1168.43698606;
Forallac;9076.38778652;56;162.729641586;2;9239.11742811;
Forès;1501.04721295;29;0.0;0;1501.04721295;
Fornells de la Selva;2754.20208905;8;0.0;0;2754.20208905;
Fortià;280.709708736;3;0.0;0;280.709708736;
Freginals;228.115592544;2;0.0;0;228.115592544;
Fulleda;897.594007004;14;0.0;0;897.594007004;
Gaià;562.011063639;5;0.0;0;562.011063639;
Gallifa;1429.05772857;7;0.0;0;1429.05772857;
Gandesa;1584.49117866;15;0.0;0;1584.49117866;
Garcia;2631.76169015;39;0.0;0;2631.76169015;
Garrigàs;0.0;0;92.3724968954;3;92.3724968954;
Garrigoles;513.42095829;5;1022.47727324;10;1535.89823153;
Garriguella;390.452366895;6;0.0;0;390.452366895;
Gavà;3098.33543615;29;31.8969508927;1;3130.23238704;
Gavet de la Conca;4848.57631199;59;1214.83061427;15;6063.40692626;
Gelida;1416.40170473;12;0.0;0;1416.40170473;
Ger;4124.57337834;30;0.0;0;4124.57337834;
Gimenells i el Pla de la Font;3058.52844016;17;0.0;0;3058.52844016;
Ginestar;2006.76235493;31;0.0;0;2006.76235493;
Girona;12669.1450194;84;20.2412222581;2;12689.3862417;
Gironella;8836.45540813;78;609.782726629;8;9446.23813475;
Gisclareny;0.0;0;0.0;0;0.0;
Godall;58.2235144984;1;0.0;0;58.2235144984;
Golmés;10248.4347074;58;0.0;0;10248.4347074;
Gombrèn;4721.43411706;25;0.0;0;4721.43411706;
Gósol;1035.56919945;8;2809.15038034;25;3844.71957979;
Granera;296.812458355;3;0.0;0;296.812458355;
Granollers;10999.5156085;81;0.0;0;10999.5156085;
Granyanella;5228.95121577;44;0.0;0;5228.95121577;
Granyena de les Garrigues;206.558642174;5;0.0;0;206.558642174;
Granyena de Segarra;1984.87783376;17;0.0;0;1984.87783376;
Gratallops;3114.36180343;40;0.0;0;3114.36180343;
Gualba;3574.01475394;23;0.0;0;3574.01475394;
Gualta;340.040596618;5;3353.30994114;14;3693.35053776;
Guardiola de Berguedà;2552.39866615;18;0.0;0;2552.39866615;
Guils de Cerdanya;5507.86497411;46;0.0;0;5507.86497411;
Guimerà;1008.62646627;6;320.838785702;13;1329.46525197;
Guissona;7202.085368;60;0.0;0;7202.085368;
Guixers;1439.24810124;4;0.0;0;1439.24810124;
Gurb;8324.89335793;55;1183.15051089;6;9508.04386882;
Horta de Sant Joan;2032.99220005;18;0.0;0;2032.99220005;
Hostalric;957.888506638;22;0.0;0;957.888506638;
Igualada;818.865136218;11;197.626160022;1;1016.49129624;
Isona i Conca Dellà;4957.82530408;60;3711.71227799;55;8669.53758207;
Isòvol;1501.34481978;17;1539.31621249;12;3040.66103228;
Ivars de Noguera;3766.0324907;27;0.0;0;3766.0324907;
Ivars d'Urgell;4180.2589563;45;0.0;0;4180.2589563;
Ivorra;475.597555375;9;0.0;0;475.597555375;
Jafre;1824.95736326;18;0.0;0;1824.95736326;
Jorba;54.133068741;3;108.4686424;1;162.601711141;
Josa i Tuixén;3438.02315216;38;0.0;0;3438.02315216;
Juià;1044.18494131;8;0.0;0;1044.18494131;
Juncosa;7685.55464181;27;0.0;0;7685.55464181;
Juneda;880.930255952;17;0.0;0;880.930255952;
la Baronia de Rialb;2330.00319055;14;0.0;0;2330.00319055;
la Bisbal de Falset;2947.77657515;20;0.0;0;2947.77657515;
la Bisbal del Penedès;489.293953825;8;0.0;0;489.293953825;
la Bisbal d'Empordà;1869.01635802;23;49.7450042958;2;1918.76136232;
la Canonja;1016.36646859;14;0.0;0;1016.36646859;
la Cellera de Ter;1429.6530103;8;0.0;0;1429.6530103;
la Coma i la Pedra;6068.94070917;28;0.0;0;6068.94070917;
la Fatarella;7963.52643991;21;0.0;0;7963.52643991;
la Febró;271.25036402;3;0.0;0;271.25036402;
la Figuera;408.533885429;5;0.0;0;408.533885429;
la Floresta;1150.64347159;12;0.0;0;1150.64347159;
la Fuliola;5208.88319773;46;0.0;0;5208.88319773;
la Galera;535.308090933;7;0.0;0;535.308090933;
la Garriga;11383.0676728;115;560.537125598;9;11943.6047984;
la Granada;312.28771721;4;0.0;0;312.28771721;
la Granadella;786.261804422;14;0.0;0;786.261804422;
la Granja d'Escarp;3631.21843628;37;0.0;0;3631.21843628;
La Guingueta d'Àneu;1847.06516972;16;1607.87278841;21;3454.93795813;
la Jonquera;4315.16031378;68;0.0;0;4315.16031378;
l'Albagés;1204.71218457;12;0.0;0;1204.71218457;
l'Albi;258.845135014;7;697.00732524;12;955.852460253;
l'Albiol;1044.68170918;4;0.0;0;1044.68170918;
l'Aldea;13096.2185322;47;0.0;0;13096.2185322;
l'Aleixar;3990.18349195;21;96.5194138457;3;4086.7029058;
la Llacuna;56.6214553288;2;255.409275768;8;312.030731097;
la Llagosta;2415.10542766;30;818.32574997;8;3233.43117763;
la Masó;0.0;0;0.0;0;0.0;
l'Ametlla del Vallès;34834.0312842;137;243.114101189;3;35077.1453854;
l'Ametlla de Mar;8250.52857776;116;125.023700509;2;8375.55227827;
la Molsosa;1723.88572184;15;354.967329612;5;2078.85305146;
la Morera de Montsant;1043.60572161;12;0.0;0;1043.60572161;
l'Ampolla;8551.88421823;77;0.0;0;8551.88421823;
la Nou de Berguedà;309.11272834;4;0.0;0;309.11272834;
la Nou de Gaià;48.7893048526;2;82.5817205899;5;131.371025442;
la Palma d'Ebre;5440.95045609;44;0.0;0;5440.95045609;
la Palma de Cervelló;834.533080221;6;0.0;0;834.533080221;
la Pera;1398.88845722;13;697.102715121;10;2095.99117235;
la Pobla de Cérvoles;157.564287486;2;0.0;0;157.564287486;
la Pobla de Claramunt;2037.20450617;14;112.580950194;1;2149.78545636;
la Pobla de Lillet;5510.50094965;53;0.0;0;5510.50094965;
la Pobla de Mafumet;11967.4560324;62;0.0;0;11967.4560324;
la Pobla de Massaluca;390.984603815;8;0.0;0;390.984603815;
la Pobla de Montornès;4463.99964203;52;70.2431789655;1;4534.24282099;
la Pobla de Segur;3215.22900734;38;0.0;0;3215.22900734;
la Portella;1739.52854288;22;0.0;0;1739.52854288;
la Quar;0.0;0;20.3961712325;1;20.3961712325;
l'Arboç;610.922165655;8;0.0;0;610.922165655;
l'Argentera;312.232080609;8;0.0;0;312.232080609;
la Riba;2952.48835968;30;0.0;0;2952.48835968;
la Riera de Gaià;3271.48332219;22;0.0;0;3271.48332219;
l'Armentera;945.101613503;19;0.0;0;945.101613503;
la Roca del Vallès;11102.3713289;66;351.409859109;2;11453.781188;
la Secuita;3897.67975258;43;0.0;0;3897.67975258;
la Selva del Camp;2292.70384963;40;0.0;0;2292.70384963;
la Selva de Mar;822.287291606;2;0.0;0;822.287291606;
la Sénia;4742.12910204;26;0.0;0;4742.12910204;
la Sentiu de Sió;2674.49535029;15;0.0;0;2674.49535029;
la Seu d'Urgell;17720.4544447;113;1761.7642991;25;19482.2187438;
la Tallada d'Empordà;2243.83753546;23;0.0;0;2243.83753546;
la Torre de Cabdella;4462.21551596;64;198.801549747;3;4661.0170657;
la Torre de Claramunt;269.55823593;9;0.0;0;269.55823593;
la Torre de Fontaubella;660.382386796;7;0.0;0;660.382386796;
la Torre de l'Espanyol;883.629675515;7;0.0;0;883.629675515;
la Vajol;0.0;0;0.0;0;0.0;
la Vall de Bianya;3993.80576512;33;0.0;0;3993.80576512;
la Vall de Boí;5295.34647122;69;530.035886197;9;5825.38235742;
la Vall d'en Bas;7693.28728136;64;416.906868244;2;8110.1941496;
la Vansa i Fórnols;2525.90929595;30;763.097242266;8;3289.00653822;
la Vilella Alta;2305.31666731;21;0.0;0;2305.31666731;
la Vilella Baixa;1339.08413907;11;0.0;0;1339.08413907;
Les;2897.44623469;43;185.364850692;2;3082.81108538;
les Avellanes i Santa Linya;1314.11198157;24;346.176196652;8;1660.28817823;
les Borges Blanques;4139.87311419;28;0.0;0;4139.87311419;
les Borges del Camp;1621.09616662;12;0.0;0;1621.09616662;
les Cabanyes;80.5702688525;2;0.0;0;80.5702688525;
l'Escala;11143.2254913;162;0.0;0;11143.2254913;
les Franqueses del Vallès;9354.4231304;70;0.0;0;9354.4231304;
les Llosses;360.93009129;4;0.0;0;360.93009129;
les Masies de Roda;2743.81138181;12;0.0;0;2743.81138181;
les Masies de Voltregà;2747.10647986;25;116.596551731;1;2863.70303159;
les Oluges;1542.34997037;28;269.275829853;1;1811.62580023;
les Piles;619.033230158;12;0.0;0;619.033230158;
les Planes d'Hostoles;722.729687469;11;1209.67458238;1;1932.40426985;
l'Espluga Calba;869.911802979;16;0.0;0;869.911802979;
l'Espluga de Francolí;2398.69004697;30;0.0;0;2398.69004697;
les Preses;2688.44754507;26;0.0;0;2688.44754507;
l'Espunyola;0.0;0;0.0;0;0.0;
l'Esquirol;4507.47671096;42;0.0;0;4507.47671096;
l'Estany;1583.49294787;12;218.794876596;2;1802.28782446;
les Valls d'Aguilar;1670.89994749;16;2268.68949578;23;3939.58944327;
les Valls de Valira;4809.80576576;42;2283.78800838;24;7093.59377414;
l'Hospitalet de Llobregat;2101.30361422;24;0.0;0;2101.30361422;
Linyola;2079.41278948;36;0.0;0;2079.41278948;
Lladó;99.2727089623;2;1.92417494425;1;101.196883907;
Lladorre;341.399102783;5;2774.8672958;44;3116.26639858;
Lladurs;1396.49736712;5;0.0;0;1396.49736712;
Llagostera;5320.68181151;41;0.0;0;5320.68181151;
Llambilles;746.700505402;12;0.0;0;746.700505402;
Llanars;2218.81186374;20;0.0;0;2218.81186374;
Llançà;1928.48647795;34;0.0;0;1928.48647795;
Llardecans;3102.40629035;22;0.0;0;3102.40629035;
Llavorsí;1613.56216298;14;401.657511445;7;2015.21967443;
Lleida;17083.7301476;106;345.200125533;4;17428.9302732;
Llers;2581.92605091;21;0.0;0;2581.92605091;
Lles de Cerdanya;771.047233626;12;0.0;0;771.047233626;
Lliçà d'Amunt;1428.12158063;21;0.0;0;1428.12158063;
Lliçà de Vall;9344.70557128;51;0.0;0;9344.70557128;
Llimiana;0.0;0;1202.9739812;17;1202.9739812;
Llinars del Vallès;12114.1073343;52;93.7261697945;1;12207.8335041;
Llobera;474.173369879;1;0.0;0;474.173369879;
Llorac;1570.10130918;28;0.0;0;1570.10130918;
Llorenç del Penedès;345.14262088;3;0.0;0;345.14262088;
Lloret de Mar;22225.8782323;204;0.0;0;22225.8782323;
Lluçà;414.627802066;3;0.0;0;414.627802066;
Maçanet de Cabrenys;793.130612206;10;0.0;0;793.130612206;
Maçanet de la Selva;8840.57948132;52;0.0;0;8840.57948132;
Madremanya;1194.81486496;5;371.049656874;6;1565.86452183;
Maià de Montcal;135.208922581;3;0.0;0;135.208922581;
Maials;4782.98588317;46;0.0;0;4782.98588317;
Maldà;850.410649386;11;0.0;0;850.410649386;
Malgrat de Mar;1945.89384661;24;255.052603373;5;2200.94644999;
Malla;1106.37136349;4;0.0;0;1106.37136349;
Manlleu;7287.82016039;63;540.092085855;8;7827.91224625;
Manresa;21334.0000373;293;1053.99260795;25;22387.9926452;
Marçà;2650.46734489;24;286.449217259;5;2936.91656215;
Margalef;1845.95694713;18;0.0;0;1845.95694713;
Marganell;4028.10902798;7;0.0;0;4028.10902798;
Martorell;16079.0228111;130;321.118886661;3;16400.1416978;
Martorelles;1797.76823824;42;0.0;0;1797.76823824;
Masarac;859.590564266;10;217.718989442;5;1077.30955371;
Mas de Barberans;831.638863486;14;0.0;0;831.638863486;
Masdenverge;298.735793454;10;0.0;0;298.735793454;
Masllorenç;63.3957046196;2;9.78567468285;1;73.1813793024;
Maspujols;1306.53011979;6;0.0;0;1306.53011979;
Masquefa;790.497396123;17;0.0;0;790.497396123;
Massalcoreig;2450.88553024;33;0.0;0;2450.88553024;
Massanes;2266.42003306;5;0.0;0;2266.42003306;
Massoteres;438.015030397;8;0.0;0;438.015030397;
Matadepera;4708.21884949;72;0.0;0;4708.21884949;
Mataró;13502.4891381;119;133.370897694;2;13635.8600358;
Medinyà;1141.58514035;7;0.0;0;1141.58514035;
Mediona;203.493044826;3;151.126022803;3;354.619067628;
Menàrguens;3257.68051803;28;0.0;0;3257.68051803;
Meranges;835.404359965;11;0.0;0;835.404359965;
Mieres;0.0;0;46.7099709079;1;46.7099709079;
Miralcamp;3061.76725067;39;0.0;0;3061.76725067;
Miravet;3911.78818692;43;0.0;0;3911.78818692;
Moià;3764.65331203;34;81.7051599379;1;3846.35847197;
Molins de Rei;1046.96076686;20;89.3191748361;2;1136.2799417;
Mollerussa;2332.93323998;50;0.0;0;2332.93323998;
Mollet del Vallès;6356.71844325;88;1800.406568;17;8157.12501125;
Mollet de Peralada;0.0;0;27.678364834;1;27.678364834;
Molló;877.330072611;9;0.0;0;877.330072611;
Monistrol de Calders;1335.0263495;23;0.0;0;1335.0263495;
Monistrol de Montserrat;6018.99742051;54;0.0;0;6018.99742051;
Montagut i Oix;838.641996311;5;14.1209195164;1;852.762915828;
Montblanc;5042.48260159;49;149.107681632;5;5191.59028322;
Montbrió del Camp;307.432154149;5;0.0;0;307.432154149;
Montcada i Reixac;6012.58762189;60;123.762415266;3;6136.35003716;
Montclar;0.0;0;0.0;0;0.0;
Montellà i Martinet;5140.6547681;57;0.0;0;5140.6547681;
Montesquiu;4048.43126874;13;0.0;0;4048.43126874;
Montferrer i Castellbò;15054.0389102;77;0.0;0;15054.0389102;
Montferri;6050.27564407;24;0.0;0;6050.27564407;
Montgai;2413.6870594;30;0.0;0;2413.6870594;
Montgat;3117.67386265;38;658.686850343;5;3776.36071299;
Montmajor;1902.59954661;11;0.0;0;1902.59954661;
Montmaneu;3757.84643538;18;0.0;0;3757.84643538;
Montmeló;5313.25118998;30;0.0;0;5313.25118998;
Montoliu de Lleida;5823.72498118;25;0.0;0;5823.72498118;
Montoliu de Segarra;1458.99565815;31;0.0;0;1458.99565815;
Montornès del Vallès;1693.01920236;26;253.9943002;2;1947.01350256;
Montornès de Segarra;836.832012648;11;0.0;0;836.832012648;
Mont-ral;2915.45264724;26;0.0;0;2915.45264724;
Mont-ras;6506.46201877;61;0.0;0;6506.46201877;
Mont-roig del Camp;9152.3147629;86;82.934949289;1;9235.24971219;
Montseny;966.939181307;4;0.0;0;966.939181307;
Móra d'Ebre;3728.78048491;54;0.0;0;3728.78048491;
Móra la Nova;1612.79611791;12;0.0;0;1612.79611791;
Muntanyola;263.48646001;4;0.0;0;263.48646001;
Mura;1529.21511212;18;79.9600707293;2;1609.17518285;
Nalec;315.646262038;7;0.0;0;315.646262038;
Naut Aran;13617.0001826;144;1568.96752512;32;15185.9677077;
Navarcles;4261.4226623;47;0.0;0;4261.4226623;
Navàs;5674.82358335;54;175.080406339;1;5849.90398969;
Navata;1014.42005217;15;0.0;0;1014.42005217;
Navès;873.9902556;8;0.0;0;873.9902556;
Nulles;393.16127712;5;33.9557264903;1;427.117003611;
Odèn;1898.96984625;4;0.0;0;1898.96984625;
Òdena;305.357492404;5;558.040283627;3;863.397776031;
Ogassa;116.665548568;2;1885.76780086;8;2002.43334943;
Olèrdola;1469.18815488;12;0.0;0;1469.18815488;
Olesa de Bonesvalls;1202.19484209;13;291.063219734;7;1493.25806182;
Olesa de Montserrat;15598.793663;77;0.0;0;15598.793663;
Oliana;6973.47541499;77;0.0;0;6973.47541499;
Oliola;2345.31299727;26;0.0;0;2345.31299727;
Olius;2620.47565073;29;0.0;0;2620.47565073;
Olivella;2140.52672978;20;0.0;0;2140.52672978;
Olost;3890.91854925;33;74.6685529533;1;3965.5871022;
Olot;14546.6840813;169;127.958865119;1;14674.6429464;
Olvan;3580.4242279;34;0.0;0;3580.4242279;
Ordis;291.944989459;4;96.960758016;3;388.905747475;
Organyà;3263.2107368;40;0.0;0;3263.2107368;
Orís;606.861153177;7;0.0;0;606.861153177;
Oristà;3132.3921758;22;0.0;0;3132.3921758;
Orpí;67.2822305213;3;0.0;0;67.2822305213;
Òrrius;1457.85839858;11;29.9032126775;1;1487.76161126;
Os de Balaguer;1714.31631793;26;0.0;0;1714.31631793;
Osor;966.308835426;4;0.0;0;966.308835426;
Ossó de Sió;2147.50959665;44;0.0;0;2147.50959665;
Pacs del Penedès;3324.82380061;16;84.2421702945;2;3409.06597091;
Palafolls;7723.79987892;49;0.0;0;7723.79987892;
Palafrugell;23126.5348724;221;945.379255615;8;24071.914128;
Palamós;964.531574538;19;0.0;0;964.531574538;
Palau de Santa Eulàlia;358.276120547;2;575.807765682;11;934.083886229;
Palau-sator;2166.80432831;20;87.7838667975;1;2254.58819511;
Palau-saverdera;1422.7138906;15;908.018963293;12;2330.7328539;
Palau-solità i Plegamans;5596.15156051;65;0.0;0;5596.15156051;
Pallejà;1161.2459326;16;0.0;0;1161.2459326;
Palol de Revardit;3842.90503187;30;269.883354866;2;4112.78838674;
Pals;30027.4947425;145;323.945473492;5;30351.440216;
Pardines;1346.78071739;19;0.0;0;1346.78071739;
Parets del Vallès;7522.16605116;58;0.0;0;7522.16605116;
Parlavà;1820.76588989;19;1691.67498936;15;3512.44087925;
Passanant i Belltall;1285.75517789;31;0.0;0;1285.75517789;
Pau;311.138993581;2;0.0;0;311.138993581;
Paüls;470.457597549;16;0.0;0;470.457597549;
Pedret i Marzà;739.461926518;11;0.0;0;739.461926518;
Penelles;1283.99413408;21;0.0;0;1283.99413408;
Perafita;1357.07738786;14;0.0;0;1357.07738786;
Perafort;3953.48617315;17;0.0;0;3953.48617315;
Peralada;330.038944794;3;81.1181297041;2;411.157074498;
Peramola;1909.87104464;29;125.877108372;2;2035.74815301;
Piera;1378.61359851;21;89.1715140646;1;1467.78511257;
Pineda de Mar;8292.72493923;105;16.7025026914;1;8309.42744192;
Pinell de Solsonès;376.020789836;5;0.0;0;376.020789836;
Pinós;1700.96925842;21;0.0;0;1700.96925842;
Pira;667.056162589;10;0.0;0;667.056162589;
Planoles;731.166573534;6;0.0;0;731.166573534;
Poboleda;3499.08071665;33;0.0;0;3499.08071665;
Polinyà;2090.68541076;16;227.528386422;2;2318.21379718;
Pont de Molins;3741.54573478;27;65.4518296565;3;3806.99756444;
Pontils;1335.98492007;15;0.0;0;1335.98492007;
Pontons;197.484174701;3;0.0;0;197.484174701;
Pontós;2103.87704661;14;0.0;0;2103.87704661;
Ponts;1828.07895544;27;0.0;0;1828.07895544;
Porqueres;1923.31562831;31;582.825586116;9;2506.14121443;
Porrera;3850.03806459;46;0.0;0;3850.03806459;
Portbou;23.1505090502;2;64.5321619153;3;87.6826709654;
Pradell de la Teixeta;1789.15785963;18;0.0;0;1789.15785963;
Prades;3611.8585961;39;0.0;0;3611.8585961;
Prat de Comte;456.539777141;5;0.0;0;456.539777141;
Pratdip;805.296883343;9;0.0;0;805.296883343;
Prats de Lluçanès;3502.56754265;32;0.0;0;3502.56754265;
Prats i Sansor;2600.89892507;10;0.0;0;2600.89892507;
Preixana;1226.15145476;14;0.0;0;1226.15145476;
Preixens;1569.73835972;25;0.0;0;1569.73835972;
Premià de Dalt;9359.65508016;71;2381.59518394;18;11741.2502641;
Premià de Mar;507.20830266;5;0.0;0;507.20830266;
Prullans;4067.66185434;24;0.0;0;4067.66185434;
Puigcerdà;8300.35824796;74;237.388413738;3;8537.7466617;
Puigdàlber;56.4639758402;1;0.0;0;56.4639758402;
Puiggròs;687.938710462;8;0.0;0;687.938710462;
Puigpelat;11505.29506;55;0.0;0;11505.29506;
Puig-reig;6594.15147276;60;361.898333134;10;6956.04980589;
Puigverd d'Agramunt;387.856362366;8;0.0;0;387.856362366;
Puigverd de Lleida;5480.23736371;28;577.65814131;4;6057.89550502;
Pujalt;775.723700976;10;756.8780608;16;1532.60176178;
Quart;578.205902685;4;0.0;0;578.205902685;
Queralbs;1176.12173476;14;0.0;0;1176.12173476;
Querol;1228.03100396;7;47.0322938188;1;1275.06329778;
Rabós;140.149976838;2;0.0;0;140.149976838;
Rajadell;2577.97653137;26;0.0;0;2577.97653137;
Rasquera;650.154390026;13;0.0;0;650.154390026;
Regencós;1224.17981429;9;0.0;0;1224.17981429;
Rellinars;9334.76754228;36;0.0;0;9334.76754228;
Renau;287.990798624;2;0.0;0;287.990798624;
Reus;19589.9357289;422;0.0;0;19589.9357289;
Rialp;2155.33815758;18;412.851179214;5;2568.18933679;
Riba-roja d'Ebre;1831.76921323;20;0.0;0;1831.76921323;
Ribera d'Ondara;5434.19023962;52;20.2536803223;2;5454.44391995;
Ribera d'Urgellet;5768.32542753;43;473.298990454;4;6241.62441799;
Ribes de Freser;3168.73305129;41;278.90307597;2;3447.63612726;
Riells i Viabrea;7232.89823591;36;0.0;0;7232.89823591;
Riner;2662.60925507;19;0.0;0;2662.60925507;
Ripoll;6698.73433801;50;0.0;0;6698.73433801;
Ripollet;5273.3500964;60;688.375782477;7;5961.72587888;
Riudarenes;1434.10149823;9;0.0;0;1434.10149823;
Riudaura;2260.40615224;11;0.0;0;2260.40615224;
Riudecanyes;3248.31096935;22;0.0;0;3248.31096935;
Riu de Cerdanya;1117.10356318;9;0.0;0;1117.10356318;
Riudecols;1726.66258896;11;0.0;0;1726.66258896;
Riudellots de la Selva;1098.72053238;17;0.0;0;1098.72053238;
Riudoms;2998.03394318;35;0.0;0;2998.03394318;
Riumors;226.847854377;5;0.0;0;226.847854377;
Rocafort de Queralt;99.8284258112;2;474.539397455;10;574.367823266;
Roda de Berà;11800.9696615;156;113.394034558;2;11914.3636961;
Roda de Ter;3833.80291539;37;0.0;0;3833.80291539;
Rodonyà;7864.5835793;33;0.0;0;7864.5835793;
Roquetes;6245.38097427;40;0.0;0;6245.38097427;
Roses;13343.6445286;163;0.0;0;13343.6445286;
Rosselló;7329.9079158;60;0.0;0;7329.9079158;
Rubí;11646.2687245;171;254.910287633;8;11901.1790122;
Rubió;254.168674035;1;93.6692177979;1;347.837891833;
Rupià;353.095124617;3;826.645970081;9;1179.7410947;
Rupit i Pruit;104.743289302;5;478.110821093;6;582.854110395;
Sabadell;47993.9637881;362;963.540134625;9;48957.5039227;
Sagàs;0.0;0;0.0;0;0.0;
Salàs de Pallars;660.412260092;10;0.0;0;660.412260092;
Saldes;730.343019834;8;0.0;0;730.343019834;
Sales de Llierca;0.0;0;0.0;0;0.0;
Sallent;9805.89634345;103;1158.05290283;13;10963.9492463;
Salomó;2940.94210436;19;0.0;0;2940.94210436;
Salou;3142.48894835;68;548.570118704;3;3691.05906705;
Salt;5504.36793724;13;0.0;0;5504.36793724;
Sanaüja;1385.70276751;18;0.0;0;1385.70276751;
Santa Bàrbara;1984.04261093;26;0.0;0;1984.04261093;
Santa Cecília de Voltregà;600.306086524;6;0.0;0;600.306086524;
Santa Coloma de Cervelló;542.642436663;10;0.0;0;542.642436663;
Santa Coloma de Farners;3145.98565197;26;0.0;0;3145.98565197;
Santa Coloma de Gramenet;948.100811815;12;75.3791288314;2;1023.47994065;
Santa Coloma de Queralt;5631.88297987;45;352.306166869;16;5984.18914674;
Santa Cristina d'Aro;8721.39166444;35;0.0;0;8721.39166444;
Sant Adrià de Besòs;770.583545133;12;0.0;0;770.583545133;
Santa Eugènia de Berga;2234.88969373;29;0.0;0;2234.88969373;
Santa Eulàlia de Riuprimer;1908.3020587;19;0.0;0;1908.3020587;
Santa Eulàlia de Ronçana;1216.20196249;10;94.3640800244;1;1310.56604252;
Santa Fe del Penedès;80.6678765255;1;0.0;0;80.6678765255;
Sant Agustí de Lluçanès;1720.36479223;9;0.0;0;1720.36479223;
Santa Llogaia d'Àlguema;190.590737805;5;0.0;0;190.590737805;
Santa Margarida de Montbui;3694.82292743;17;109.681771108;1;3804.50469853;
Santa Margarida i els Monjos;816.695562273;8;0.0;0;816.695562273;
Santa Maria de Besora;192.646727833;1;0.0;0;192.646727833;
Santa Maria de Martorelles;973.523159955;9;0.0;0;973.523159955;
Santa Maria de Merlès;237.669073366;4;0.0;0;237.669073366;
Santa Maria de Miralles;0.0;0;0.0;0;0.0;
Santa Maria de Palautordera;8384.02951579;77;0.0;0;8384.02951579;
Santa Maria d'Oló;1152.89938733;13;0.0;0;1152.89938733;
Sant Andreu de la Barca;16814.5051778;110;35.5317918784;1;16850.0369697;
Sant Andreu de Llavaneres;17473.1774108;91;557.507004413;8;18030.6844152;
Sant Andreu Salou;170.082920179;2;0.0;0;170.082920179;
Sant Aniol de Finestres;260.858431543;3;0.0;0;260.858431543;
Sant Antoni de Vilamajor;5653.42101909;31;31.9418515936;1;5685.36287068;
Santa Oliva;818.878166918;15;0.0;0;818.878166918;
Santa Pau;665.225255205;6;404.984882285;5;1070.21013749;
Santa Perpètua de Mogoda;10164.5278386;103;56.2952320475;1;10220.8230706;
Santa Susanna;13727.6873923;94;64.6247004892;1;13792.3120928;
Sant Bartomeu del Grau;3200.67574651;13;0.0;0;3200.67574651;
Sant Boi de Llobregat;2232.09209921;36;0.0;0;2232.09209921;
Sant Boi de Lluçanès;2523.26746455;19;1273.48847491;13;3796.75593946;
Sant Carles de la Ràpita;9730.09556063;65;0.0;0;9730.09556063;
Sant Cebrià de Vallalta;4375.05831192;28;0.0;0;4375.05831192;
Sant Celoni;28364.8365974;175;0.0;0;28364.8365974;
Sant Climent de Llobregat;470.719957224;3;0.0;0;470.719957224;
Sant Climent Sescebes;156.827068335;3;43.2625298826;3;200.089598217;
Sant Cugat del Vallès;44107.5980109;374;1087.93328045;4;45195.5312913;
Sant Cugat Sesgarrigues;986.650428731;8;0.0;0;986.650428731;
Sant Esteve de la Sarga;3601.04334111;55;0.0;0;3601.04334111;
Sant Esteve de Palautordera;3194.18076683;22;0.0;0;3194.18076683;
Sant Esteve Sesrovires;12464.2340766;55;0.0;0;12464.2340766;
Sant Feliu de Buixalleu;8607.71191042;28;0.0;0;8607.71191042;
Sant Feliu de Codines;1306.40031658;21;0.0;0;1306.40031658;
Sant Feliu de Guíxols;4539.87089019;73;0.0;0;4539.87089019;
Sant Feliu de Llobregat;779.407869843;8;182.94480835;1;962.352678194;
Sant Feliu de Pallerols;1312.93552218;13;117.530662303;1;1430.46618449;
Sant Feliu Sasserra;630.431403495;12;0.0;0;630.431403495;
Sant Ferriol;0.0;0;42.9396653203;1;42.9396653203;
Sant Fost de Campsentelles;3626.95536994;30;0.0;0;3626.95536994;
Sant Fruitós de Bages;17709.1366193;169;915.172624147;10;18624.3092434;
Sant Gregori;2605.56309792;12;0.0;0;2605.56309792;
Sant Guim de Freixenet;5430.65682269;57;0.0;0;5430.65682269;
Sant Guim de la Plana;859.854036228;25;0.0;0;859.854036228;
Sant Hilari Sacalm;1373.03077098;14;0.0;0;1373.03077098;
Sant Hipòlit de Voltregà;633.734959797;7;50.6763494452;1;684.411309242;
Sant Iscle de Vallalta;5024.33164496;21;70.7176105204;1;5095.04925548;
Sant Jaume de Frontanyà;562.064242077;2;0.0;0;562.064242077;
Sant Jaume de Llierca;4012.18964004;26;0.0;0;4012.18964004;
Sant Jaume dels Domenys;222.506535544;4;141.941627318;1;364.448162862;
Sant Jaume d'Enveja;1695.88078185;17;0.0;0;1695.88078185;
Sant Joan de les Abadesses;5351.03468271;37;0.0;0;5351.03468271;
Sant Joan de Mollet;279.037525095;6;0.0;0;279.037525095;
Sant Joan Despí;3273.74181702;33;106.097675199;3;3379.83949222;
Sant Joan de Vilatorrada;2797.75695146;29;279.430642805;3;3077.18759427;
Sant Joan les Fonts;6014.34835968;46;191.4417536;3;6205.79011328;
Sant Jordi Desvalls;1415.23847879;12;0.0;0;1415.23847879;
Sant Julià de Cerdanyola;3085.12357824;33;0.0;0;3085.12357824;
Sant Julià del Llor i Bonmatí;0.0;0;0.0;0;0.0;
Sant Julià de Ramis;906.209575976;14;0.0;0;906.209575976;
Sant Julià de Vilatorta;3637.90059141;40;0.0;0;3637.90059141;
Sant Just Desvern;503.825328367;14;182.94480835;1;686.770136718;
Sant Llorenç de la Muga;738.025690834;6;0.0;0;738.025690834;
Sant Llorenç de Morunys;3735.46437864;29;597.640446897;19;4333.10482553;
Sant Llorenç d'Hortons;178.1157462;3;0.0;0;178.1157462;
Sant Llorenç Savall;1233.28762063;9;0.0;0;1233.28762063;
Sant Martí d'Albars;392.602337135;3;0.0;0;392.602337135;
Sant Martí de Centelles;3305.90490845;32;0.0;0;3305.90490845;
Sant Martí de Llémena;5999.64309644;28;193.918015281;2;6193.56111172;
Sant Martí de Riucorb;2335.07303464;28;0.0;0;2335.07303464;
Sant Martí de Tous;63.6173609782;1;345.260247004;3;408.877607983;
Sant Martí Sarroca;1249.09907794;9;160.863565032;2;1409.96264297;
Sant Martí Sesgueioles;717.60357147;12;0.0;0;717.60357147;
Sant Martí Vell;491.949509931;3;0.0;0;491.949509931;
Sant Mateu de Bages;5484.54873127;20;0.0;0;5484.54873127;
Sant Miquel de Campmajor;1076.94966094;5;223.781350535;2;1300.73101147;
Sant Miquel de Fluvià;1648.33210681;8;0.0;0;1648.33210681;
Sant Mori;2040.34192499;15;0.0;0;2040.34192499;
Sant Pau de Segúries;4365.49877946;23;0.0;0;4365.49877946;
Santpedor;12006.3850852;116;0.0;0;12006.3850852;
Sant Pere de Ribes;1947.8373021;26;1046.84321494;9;2994.68051704;
Sant Pere de Riudebitlles;181.024657487;6;0.0;0;181.024657487;
Sant Pere de Torelló;1653.9508385;18;0.0;0;1653.9508385;
Sant Pere de Vilamajor;1340.4611047;16;0.0;0;1340.4611047;
Sant Pere Pescador;4267.92071049;55;0.0;0;4267.92071049;
Sant Pere Sallavinera;1120.61391057;18;0.0;0;1120.61391057;
Sant Pol de Mar;4567.48735911;44;0.0;0;4567.48735911;
Sant Quintí de Mediona;0.0;0;0.0;0;0.0;
Sant Quirze de Besora;4392.18256265;21;94.6578437725;1;4486.84040642;
Sant Quirze del Vallès;22069.6496439;178;3680.46079569;9;25750.1104396;
Sant Quirze Safaja;2576.58334139;15;0.0;0;2576.58334139;
Sant Ramon;2484.18730089;42;0.0;0;2484.18730089;
Sant Sadurní d'Anoia;2138.60342572;19;123.732365445;1;2262.33579117;
Sant Sadurní d'Osormort;93.2407238008;1;0.0;0;93.2407238008;
Sant Salvador de Guardiola;22065.5298817;67;183.822470678;3;22249.3523524;
Sant Vicenç de Castellet;7064.3001216;53;0.0;0;7064.3001216;
Sant Vicenç dels Horts;2109.75398853;32;0.0;0;2109.75398853;
Sant Vicenç de Montalt;21969.1226508;118;1097.0679898;10;23066.1906406;
Sant Vicenç de Torelló;2859.78470806;21;243.693525539;3;3103.4782336;
Sarral;441.743888841;11;219.452675702;3;661.196564543;
Sarrià de Ter;2083.90534743;37;0.0;0;2083.90534743;
Sarroca de Bellera;2221.13727323;28;0.0;0;2221.13727323;
Sarroca de Lleida;542.729993828;7;0.0;0;542.729993828;
Saus, Camallera i Llampaies;8240.85889283;52;0.0;0;8240.85889283;
Savallà del Comtat;231.025720436;7;0.0;0;231.025720436;
Senan;172.798358243;4;0.0;0;172.798358243;
Senterada;776.724976478;6;0.0;0;776.724976478;
Sentmenat;6502.36454342;46;0.0;0;6502.36454342;
Serinyà;1022.6984241;12;37.2604560317;1;1059.95888013;
Seròs;4177.71850656;32;0.0;0;4177.71850656;
Serra de Daró;1407.10521743;13;0.0;0;1407.10521743;
Setcases;231.89234361;2;0.0;0;231.89234361;
Seva;5066.43215452;61;0.0;0;5066.43215452;
Sidamon;1452.85371699;13;0.0;0;1452.85371699;
Sils;2957.89070973;31;262.050926854;2;3219.94163659;
Sitges;1333.6182287;21;0.0;0;1333.6182287;
Siurana;970.930469267;8;451.136193786;7;1422.06666305;
Sobremunt;1088.27578253;9;0.0;0;1088.27578253;
Solivella;4505.47863895;36;0.0;0;4505.47863895;
Solsona;4387.49687178;68;0.0;0;4387.49687178;
Sora;3231.76706063;25;0.0;0;3231.76706063;
Soriguera;4022.45893168;48;904.704377781;13;4927.16330946;
Sort;9054.20948648;130;1405.42422933;12;10459.6337158;
Soses;1956.04027149;13;0.0;0;1956.04027149;
Subirats;3783.77236469;28;100.643782268;4;3884.41614696;
Sudanell;1963.99822821;26;112.025979287;1;2076.02420749;
Sunyer;1815.05416617;11;0.0;0;1815.05416617;
Súria;4481.71847396;52;402.946812884;5;4884.66528685;
Susqueda;0.0;0;0.0;0;0.0;
Tagamanent;614.518211082;5;0.0;0;614.518211082;
Talamanca;446.802901728;8;0.0;0;446.802901728;
Talarn;8633.58578686;42;53.8331584625;2;8687.41894532;
Talavera;4278.94495547;39;272.486228852;2;4551.43118432;
Taradell;6485.53940671;46;342.779206583;3;6828.31861329;
Tarragona;16164.2677801;158;0.0;0;16164.2677801;
Tàrrega;8029.92584834;118;276.392247612;6;8306.31809595;
Tarrés;461.308121853;4;0.0;0;461.308121853;
Tarroja de Segarra;101.031551498;4;0.0;0;101.031551498;
Tavèrnoles;213.254309298;2;0.0;0;213.254309298;
Tavertet;546.878444877;11;0.0;0;546.878444877;
Teià;3536.38435657;40;0.0;0;3536.38435657;
Térmens;6701.23851433;39;0.0;0;6701.23851433;
Terrades;448.779011601;4;0.0;0;448.779011601;
Terrassa;38364.1516107;348;1347.52241054;7;39711.6740212;
Tiana;976.203149457;7;46.7994747633;1;1023.00262422;
Tírvia;395.765209623;5;866.64349816;15;1262.40870778;
Tiurana;590.811507609;7;0.0;0;590.811507609;
Tivenys;702.455646216;15;0.0;0;702.455646216;
Tivissa;5124.47632001;62;0.0;0;5124.47632001;
Tona;3072.35383029;41;331.421387844;5;3403.77521814;
Torà;2573.45128369;30;0.0;0;2573.45128369;
Tordera;12617.5596659;69;131.362805869;4;12748.9224718;
Torelló;2123.60986783;24;0.0;0;2123.60986783;
Tornabous;2672.69897505;14;0.0;0;2672.69897505;
Torrebesses;3312.15420116;28;0.0;0;3312.15420116;
Torredembarra;13629.2141551;127;699.147186376;8;14328.3613415;
Torrefarrera;14181.1877205;71;414.323767407;3;14595.511488;
Torrefeta i Florejacs;3868.41598887;69;0.0;0;3868.41598887;
Torregrossa;293.053070072;7;0.0;0;293.053070072;
Torrelameu;0.0;0;1109.79997127;11;1109.79997127;
Torrelavit;711.556142385;11;0.0;0;711.556142385;
Torrelles de Foix;393.482098156;5;840.156176134;9;1233.63827429;
Torrelles de Llobregat;614.476786706;12;0.0;0;614.476786706;
Torrent;5749.09794056;15;0.0;0;5749.09794056;
Torres de Segre;2690.93814866;17;40.731045943;1;2731.6691946;
Torre-serona;1912.0735582;8;0.0;0;1912.0735582;
Torroella de Fluvià;3351.67869624;19;0.0;0;3351.67869624;
Torroella de Montgrí;6231.83448867;80;60.0562615064;2;6291.89075017;
Torroja del Priorat;3056.68300944;19;0.0;0;3056.68300944;
Tortellà;0.0;0;14.257025835;1;14.257025835;
Tortosa;16350.1128352;140;0.0;0;16350.1128352;
Toses;4878.01099564;30;26.7934682586;1;4904.8044639;
Tossa de Mar;10571.8134848;68;0.0;0;10571.8134848;
Tremp;18803.2967896;160;224.914486729;7;19028.2112763;
Ullà;1082.87189526;16;0.0;0;1082.87189526;
Ullastrell;3930.7850434;21;0.0;0;3930.7850434;
Ullastret;515.056515644;7;1310.24261029;14;1825.29912594;
Ulldecona;1177.94199584;16;241.233366779;1;1419.17536262;
Ulldemolins;1280.31296772;11;0.0;0;1280.31296772;
Ultramort;2282.58341235;23;0.0;0;2282.58341235;
Urús;623.40916467;11;0.0;0;623.40916467;
Vacarisses;32908.7275343;221;0.0;0;32908.7275343;
Vallbona d'Anoia;420.949454885;5;0.0;0;420.949454885;
Vallbona de les Monges;798.831046854;6;0.0;0;798.831046854;
Vallcebre;1444.75713057;12;0.0;0;1444.75713057;
Vallclara;897.047782629;9;0.0;0;897.047782629;
Vall de Cardós;0.0;0;1455.20344072;28;1455.20344072;
Vallfogona de Balaguer;4115.16079026;32;0.0;0;4115.16079026;
Vallfogona de Ripollès;1280.02988659;9;0.0;0;1280.02988659;
Vallfogona de Riucorb;1419.98941978;23;0.0;0;1419.98941978;
Vallgorguina;26034.9803212;70;78.3970136005;1;26113.3773348;
Vallirana;691.940531407;13;0.0;0;691.940531407;
Vall-llobrega;62.1738226253;2;0.0;0;62.1738226253;
Vallmoll;8580.42020945;47;0.0;0;8580.42020945;
Vallromanes;4761.06685715;26;138.127606031;2;4899.19446318;
Valls;20281.3142917;113;0.0;0;20281.3142917;
Vandellòs i l'Hospitalet de l'Infant;21580.2521553;130;1489.72782166;11;23069.9799769;
Veciana;568.661220351;4;963.142700742;9;1531.80392109;
Ventalló;2644.98233927;22;756.591531214;7;3401.57387048;
Verdú;3063.47810781;28;0.0;0;3063.47810781;
Verges;202.987770779;3;0.0;0;202.987770779;
Vespella de Gaià;1495.15051716;7;0.0;0;1495.15051716;
Vic;18296.0643487;156;2293.61551584;25;20589.6798645;
Vidrà;1016.7954363;11;0.0;0;1016.7954363;
Vidreres;9927.67050167;79;0.0;0;9927.67050167;
Vielha e Mijaran;10148.3857945;95;2575.18439513;25;12723.5701896;
Vilabella;5676.92852145;42;0.0;0;5676.92852145;
Vilabertran;0.0;0;0.0;0;0.0;
Vilablareix;422.914135341;5;0.0;0;422.914135341;
Vilada;1828.50897683;17;0.0;0;1828.50897683;
Viladamat;852.186712588;8;513.752111358;7;1365.93882395;
Viladasens;408.730984992;3;541.243709003;7;949.974693995;
Viladecans;3239.09970554;48;0.0;0;3239.09970554;
Viladecavalls;8018.29512946;98;0.0;0;8018.29512946;
Vilademuls;2248.16427254;13;3120.87416375;31;5369.03843629;
Viladrau;6845.19390805;47;0.0;0;6845.19390805;
Vilafant;1235.3628386;16;0.0;0;1235.3628386;
Vilafranca del Penedès;1043.51129356;14;0.0;0;1043.51129356;
Vilagrassa;1108.62297049;13;0.0;0;1108.62297049;
Vilajuïga;216.388785649;4;0.0;0;216.388785649;
Vilalba dels Arcs;2826.47885029;27;0.0;0;2826.47885029;
Vilalba Sasserra;3637.49817658;21;0.0;0;3637.49817658;
Vilaller;2814.63269336;29;0.0;0;2814.63269336;
Vilallonga del Camp;338.413238521;8;13.3169151812;1;351.730153703;
Vilallonga de Ter;3795.98354033;21;278.026628129;2;4074.01016846;
Vilamacolum;1382.47742385;12;0.0;0;1382.47742385;
Vilamalla;922.461959868;10;0.0;0;922.461959868;
Vilamaniscle;72.5438186044;2;0.0;0;72.5438186044;
Vilamòs;1121.95098275;12;0.0;0;1121.95098275;
Vilanant;1576.78040842;16;0.0;0;1576.78040842;
Vilanova de Bellpuig;8193.06524531;36;0.0;0;8193.06524531;
Vilanova de la Barca;4488.87759353;22;0.0;0;4488.87759353;
Vilanova de l'Aguda;1052.3781381;15;0.0;0;1052.3781381;
Vilanova del Camí;229.242247328;4;0.0;0;229.242247328;
Vilanova del Vallès;21417.8704683;71;0.0;0;21417.8704683;
Vilanova de Meià;2128.7654128;29;803.922928843;14;2932.68834165;
Vilanova de Prades;1593.17452588;17;0.0;0;1593.17452588;
Vilanova de Sau;372.701305579;7;0.0;0;372.701305579;
Vilanova d'Escornalbou;4568.01289662;32;0.0;0;4568.01289662;
Vilanova de Segrià;3774.42230579;26;0.0;0;3774.42230579;
Vilanova i la Geltrú;2236.12076867;21;479.237297495;5;2715.35806616;
Vilaplana;1683.76571051;17;0.0;0;1683.76571051;
Vila-rodona;6853.30255309;28;0.0;0;6853.30255309;
Vila-sacra;0.0;0;0.0;0;0.0;
Vila-sana;687.661190119;7;0.0;0;687.661190119;
Vila-seca;1248.1874954;12;0.0;0;1248.1874954;
Vilassar de Dalt;7112.54101488;46;704.702066957;8;7817.24308184;
Vilassar de Mar;4229.57629363;40;310.710560736;4;4540.28685436;
Vilaür;920.444416105;7;988.750250328;13;1909.19466643;
Vilaverd;3737.82428004;35;299.094024553;1;4036.91830459;
Vilobí del Penedès;146.191922635;2;100.67474012;3;246.866662755;
Vilobí d'Onyar;3168.10166852;23;0.0;0;3168.10166852;
Vilopriu;3095.07395217;15;477.295672915;4;3572.36962508;
Vimbodí i Poblet;7329.59719491;53;0.0;0;7329.59719491;
Vinaixa;3116.80070177;28;0.0;0;3116.80070177;
Vinebre;457.930863496;12;0.0;0;457.930863496;
Vinyols i els Arcs;2078.8754401;21;0.0;0;2078.8754401;
Viver i Serrateix;0.0;0;0.0;0;0.0;
Xerta;548.499934791;4;18.7928067756;1;567.292741567;
