Abella de la Conca;0,000;0;0,000;0;0,000;1147,302;10
Abrera;985,690;14;0,000;0;985,690;62796,637;301
Àger;0,000;0;427,981;9;427,981;11571,762;104
Agramunt;2285,573;45;0,000;0;2285,573;32561,096;251
Aguilar de Segarra;0,000;0;0,000;0;0,000;570,846;5
Agullana;0,000;0;0,000;0;0,000;6231,962;55
Aiguafreda;345,929;10;53,543;2;399,473;14626,822;98
Aiguamúrcia;1241,587;6;66,317;2;1307,904;20113,401;84
Aiguaviva;138,331;2;69,419;1;207,751;11124,016;61
Aitona;2461,498;15;0,000;0;2461,498;9197,996;60
Alàs i Cerc;0,000;0;0,000;0;0,000;4822,083;58
Albanyà;0,000;0;0,000;0;0,000;1609,993;23
Albatàrrec;733,938;15;0,000;0;733,938;9978,130;54
Albesa;2126,261;14;0,000;0;2126,261;10206,027;65
Albinyana;0,000;0;17,730;1;17,730;22896,973;145
Albons;29,678;1;0,000;0;29,678;8471,972;75
Alcanar;68,179;1;241,458;2;309,637;59190,060;378
Alcanó;802,366;11;0,000;0;802,366;2492,472;27
Alcarràs;1562,250;8;0,000;0;1562,250;30260,010;163
Alcoletge;4080,790;40;0,000;0;4080,790;18186,452;118
Alcover;1295,860;34;391,532;17;1687,391;30408,977;244
Aldover;0,000;0;0,000;0;0,000;2877,867;28
Alella;1215,465;24;1317,608;7;2533,073;61109,262;306
Alfara de Carles;0,000;0;296,690;10;296,690;2491,420;32
Alfarràs;0,000;0;0,000;0;0,000;11301,477;92
Alfés;0,000;0;88,494;2;88,494;2743,622;27
Alforja;3333,111;33;0,000;0;3333,111;16072,169;107
Algerri;0,000;0;234,402;6;234,402;4371,304;37
Alguaire;4761,289;49;0,000;0;4761,289;18163,658;123
Alins;0,000;0;11,287;1;11,287;4408,979;51
Alió;0,000;0;0,000;0;0,000;4743,623;41
Almacelles;969,128;7;0,000;0;969,128;30931,305;128
Almatret;1297,342;5;0,000;0;1297,342;3399,703;24
Almenar;954,234;8;752,588;9;1706,822;16975,177;126
Almoster;115,724;3;132,453;4;248,176;10982,062;65
Alòs de Balaguer;0,000;0;92,212;4;92,212;1906,791;19
Alp;173,974;3;52,463;3;226,437;21510,536;118
Alpens;194,729;3;693,423;13;888,151;3797,757;42
Alpicat;3967,782;39;0,000;0;3967,782;36167,901;201
Altafulla;1567,155;30;0,000;0;1567,155;31612,115;192
Alt Àneu;0,000;0;1747,663;25;1747,663;8452,671;139
Amer;0,000;0;34,146;2;34,146;9754,791;87
Amposta;458,619;4;0,000;0;458,619;87607,800;427
Anglès;0,000;0;534,427;7;534,427;18138,131;138
Anglesola;1189,567;8;0,000;0;1189,567;10271,979;69
Arbeca;520,494;16;76,117;2;596,611;20836,322;133
Arbolí;0,000;0;188,948;4;188,948;867,179;11
Arbúcies;0,000;0;0,000;0;0,000;24834,619;121
Arenys de Mar;2017,681;38;0,000;0;2017,681;41550,746;247
Arenys de Munt;4319,834;30;0,000;0;4319,834;39654,094;189
Argelaguer;0,000;0;625,199;6;625,199;4288,254;33
Argençola;0,000;0;0,000;0;0,000;3594,487;34
Argentona;5476,517;44;274,818;4;5751,335;60840,749;294
Arnes;0,000;0;0,000;0;0,000;4232,642;58
Arres;0,000;0;184,998;8;184,998;1136,687;27
Arsèguel;0,000;0;0,000;0;0,000;1123,189;14
Artés;2359,956;44;67,368;3;2427,324;25242,986;164
Artesa de Lleida;0,000;0;0,000;0;0,000;8468,765;67
Artesa de Segre;861,870;20;1818,950;26;2680,819;24964,921;279
Ascó;2304,354;12;475,839;12;2780,193;10256,586;86
Aspa;8,841;1;417,348;5;426,189;2293,271;27
Avià;54,986;1;229,663;2;284,648;9246,098;61
Avinyó;4249,503;25;284,794;5;4534,298;15730,575;95
Avinyonet del Penedès;0,000;0;0,000;0;0,000;16631,292;113
Avinyonet de Puigventós;0,000;0;0,000;0;0,000;9975,795;67
Badalona;0,000;0;0,000;0;0,000;235157,276;1612
Badia del Vallès;497,659;8;0,000;0;497,659;4698,316;35
Bagà;0,000;0;0,000;0;0,000;7532,083;74
Baix Pallars;0,000;0;0,000;0;0,000;3005,817;51
Balaguer;4960,521;53;0,000;0;4960,521;47017,437;322
Balenyà;5704,525;54;0,000;0;5704,525;16692,928;120
Balsareny;53,925;1;0,000;0;53,925;12788,368;98
Banyeres del Penedès;0,000;0;0,000;0;0,000;30099,745;177
Banyoles;0,000;0;253,958;2;253,958;67958,493;500
Barbens;2108,313;16;0,000;0;2108,313;6539,778;43
Barberà de la Conca;355,864;2;0,000;0;355,864;5698,090;56
Barberà del Vallès;6211,599;85;221,434;4;6433,033;78521,215;452
Barcelona;681,597;7;196,668;1;878,265;839582,197;5669
Bàscara;0,000;0;0,000;0;0,000;10041,414;76
Bassella;0,000;0;0,000;0;0,000;1112,339;14
Batea;0,000;0;0,000;0;0,000;9759,017;95
Bausen;0,000;0;0,000;0;0,000;1100,297;22
Begues;58,395;1;0,000;0;58,395;52653,766;294
Begur;114,901;3;364,181;5;479,082;95216,304;424
Belianes;933,341;17;0,000;0;933,341;4982,037;52
Bellaguarda;304,429;2;0,000;0;304,429;2156,454;20
Bellcaire d'Empordà;0,000;0;0,000;0;0,000;6357,113;39
Bellcaire d'Urgell;0,000;0;0,000;0;0,000;10910,230;77
Bell-lloc d'Urgell;976,475;12;0,000;0;976,475;21739,588;139
Bellmunt del Priorat;0,000;0;0,000;0;0,000;2561,833;26
Bellmunt d'Urgell;0,000;0;0,000;0;0,000;3195,239;25
Bellprat;0,000;0;0,000;0;0,000;1075,609;15
Bellpuig;6827,421;59;108,196;2;6935,617;21933,267;180
Bellvei;0,000;0;75,917;3;75,917;25406,786;122
Bellver de Cerdanya;78,783;2;1870,312;19;1949,095;30002,329;232
Bellvís;667,490;16;40,434;1;707,924;17002,047;125
Benavent de Segrià;1223,891;16;0,000;0;1223,891;4560,270;48
Benifallet;0,000;0;0,000;0;0,000;4603,389;54
Benissanet;569,055;5;0,000;0;569,055;5517,496;51
Berga;132,089;4;91,957;4;224,046;40931,891;287
Besalú;0,000;0;0,000;0;0,000;18139,745;131
Bescanó;0,000;0;215,178;2;215,178;40824,597;202
Beuda;0,000;0;0,000;0;0,000;243,907;4
Bigues i Riells;3656,222;39;191,735;3;3847,957;113692,765;335
Biosca;0,000;0;0,000;0;0,000;2515,771;36
Biure;0,000;0;0,000;0;0,000;2258,318;26
Blancafort;915,434;19;0,000;0;915,434;4024,376;54
Blanes;307,971;4;0,000;0;307,971;84965,764;561
Boadella i les Escaules;0,000;0;0,000;0;0,000;2548,342;30
Bolvir;101,327;2;0,000;0;101,327;24309,737;87
Bonastre;0,000;0;0,000;0;0,000;8563,825;55
Bordils;0,000;0;179,435;4;179,435;10556,871;46
Borrassà;0,000;0;0,000;0;0,000;5751,532;45
Borredà;0,000;0;0,000;0;0,000;3850,747;37
Bossòst;0,000;0;0,000;0;0,000;5214,229;54
Bot;0,000;0;0,000;0;0,000;5095,428;39
Botarell;1751,662;16;0,000;0;1751,662;6571,840;50
Bovera;337,592;7;0,000;0;337,592;2559,022;25
Bràfim;0,000;0;0,000;0;0,000;7488,412;41
Breda;0,000;0;0,000;0;0,000;16513,315;102
Brunyola i Sant Martí Sapresa;0,000;0;0,000;0;0,000;2288,599;15
Cabacés;2529,537;24;0,000;0;2529,537;4711,967;39
Cabanabona;586,665;16;0,000;0;586,665;1753,137;28
Cabanelles;0,000;0;0,000;0;0,000;517,620;13
Cabanes;0,000;0;0,000;0;0,000;3613,997;28
Cabó;0,000;0;0,000;0;0,000;1287,752;23
Cabra del Camp;342,188;5;0,000;0;342,188;26357,022;85
Cabrera d'Anoia;0,000;0;0,000;0;0,000;35085,837;120
Cabrera de Mar;2573,083;20;1510,785;14;4083,868;31689,319;185
Cabrils;2132,507;35;243,207;7;2375,713;51359,403;258
Cadaqués;0,000;0;0,000;0;0,000;32233,371;218
Calaf;289,904;2;202,476;9;492,381;17517,343;124
Calafell;0,000;0;0,000;0;0,000;153464,614;776
Calders;1899,454;19;0,000;0;1899,454;14118,219;59
Caldes de Malavella;601,071;7;0,000;0;601,071;74500,368;352
Caldes de Montbui;2638,105;31;160,370;5;2798,475;88098,878;374
Caldes d'Estrac;151,972;6;0,000;0;151,972;15942,590;78
Calella;141,061;2;0,000;0;141,061;34368,637;174
Calldetenes;62,861;3;14,440;1;77,301;15551,661;131
Callús;2917,093;32;563,466;4;3480,559;10008,971;67
Calonge de Segarra;0,000;0;154,530;2;154,530;1692,595;18
Calonge i Sant Antoni;57,344;1;0,000;0;57,344;134734,193;641
Camarasa;2847,797;28;381,868;9;3229,665;9343,642;114
Camarles;47,384;1;0,000;0;47,384;19375,736;126
Cambrils;2874,901;60;162,497;1;3037,398;154756,585;1113
Camós;0,000;0;683,518;11;683,518;5112,598;53
Campdevànol;0,000;0;0,000;0;0,000;14785,407;126
Campelles;0,000;0;0,000;0;0,000;2047,924;19
Campins;0,000;0;0,000;0;0,000;5487,105;23
Campllong;0,000;0;0,000;0;0,000;4836,178;28
Camprodon;227,242;3;0,000;0;227,242;19694,362;122
Canejan;0,000;0;0,000;0;0,000;903,770;16
Canet d'Adri;0,000;0;0,000;0;0,000;6137,663;23
Canet de Mar;795,503;14;0,000;0;795,503;37141,745;295
Canovelles;2577,484;26;519,220;5;3096,704;42736,611;162
Cànoves i Samalús;1844,462;26;47,656;1;1892,119;27688,719;120
Cantallops;0,000;0;0,000;0;0,000;5353,629;50
Canyelles;0,000;0;0,000;0;0,000;58781,346;236
Capafonts;0,000;0;0,000;0;0,000;2127,528;29
Capçanes;200,876;4;0,000;0;200,876;2618,334;23
Capellades;54,933;1;0,000;0;54,933;16263,997;90
Capmany;0,000;0;0,000;0;0,000;5988,540;76
Capolat;0,000;0;0,000;0;0,000;140,859;1
Cardedeu;6282,649;58;97,002;4;6379,650;68941,579;381
Cardona;0,000;0;89,112;4;89,112;17909,779;115
Carme;0,000;0;0,000;0;0,000;9550,122;41
Caseres;0,000;0;0,000;0;0,000;2242,573;23
Cassà de la Selva;218,801;2;0,000;0;218,801;37971,387;214
Casserres;0,000;0;367,442;9;367,442;8149,535;81
Castellar de la Ribera;0,000;0;0,000;0;0,000;320,632;2
Castellar del Riu;0,000;0;0,000;0;0,000;493,011;1
Castellar del Vallès;1728,714;36;191,234;1;1919,948;104850,323;554
Castellar de n'Hug;0,000;0;9,979;1;9,979;2400,228;27
Castellbell i el Vilar;59,719;2;0,000;0;59,719;33147,669;152
Castellbisbal;373,342;9;0,000;0;373,342;78275,618;343
Castellcir;57,428;1;0,000;0;57,428;12335,940;51
Castelldans;864,089;13;0,000;0;864,089;5456,163;48
Castelldefels;1457,777;56;0,000;0;1457,777;137456,538;792
Castell de l'Areny;0,000;0;0,000;0;0,000;735,330;4
Castell de Mur;0,000;0;0,000;0;0,000;1877,124;39
Castellet i la Gornal;153,343;11;13,445;1;166,787;38813,838;206
Castellfollit de la Roca;0,000;0;0,000;0;0,000;2235,027;19
Castellfollit del Boix;0,000;0;0,000;0;0,000;1397,537;15
Castellfollit de Riubregós;0,000;0;143,403;10;143,403;1395,031;22
Castellgalí;1154,614;8;0,000;0;1154,614;21459,178;108
Castellnou de Bages;2345,440;17;0,000;0;2345,440;18139,055;64
Castellnou de Seana;755,714;14;0,000;0;755,714;5088,617;40
Castelló de Farfanya;2630,732;26;0,000;0;2630,732;6349,120;68
Castelló d'Empúries;0,000;0;0,000;0;0,000;85175,869;534
Castellolí;0,000;0;0,000;0;0,000;4111,578;23
Castell-Platja d'Aro;162,251;3;0,000;0;162,251;122562,406;608
Castellserà;0,000;0;0,000;0;0,000;8168,480;63
Castellterçol;497,229;11;0,000;0;497,229;16849,752;140
Castellvell del Camp;1074,862;8;0,000;0;1074,862;25793,458;114
Castellví de la Marca;0,000;0;0,000;0;0,000;7040,792;62
Castellví de Rosanes;0,000;0;0,000;0;0,000;20417,512;68
Cava;0,000;0;0,000;0;0,000;1760,293;23
Celrà;524,213;7;67,623;1;591,836;34319,836;173
Centelles;3226,686;78;0,000;0;3226,686;33330,935;254
Cercs;0,000;0;67,740;1;67,740;10109,832;71
Cerdanyola del Vallès;3409,825;56;185,279;8;3595,105;115994,197;677
Cervelló;42,928;1;0,000;0;42,928;64438,838;274
Cervera;3536,403;66;323,422;5;3859,824;49196,542;402
Cervià de les Garrigues;335,263;7;0,000;0;335,263;4906,272;38
Cervià de Ter;0,000;0;0,000;0;0,000;7071,553;60
Cistella;0,000;0;0,000;0;0,000;3220,228;28
Ciutadilla;198,684;3;0,000;0;198,684;2240,703;27
Clariana de Cardener;0,000;0;0,000;0;0,000;293,399;3
Colera;0,000;0;0,000;0;0,000;9143,606;58
Collbató;423,919;16;0,000;0;423,919;44829,048;224
Colldejou;0,000;0;0,000;0;0,000;1783,427;31
Coll de Nargó;0,000;0;690,926;7;690,926;4253,402;48
Collsuspina;354,015;5;0,000;0;354,015;5188,840;30
Colomers;0,000;0;27,763;1;27,763;3141,022;40
Conca de Dalt;0,000;0;0,000;0;0,000;5679,431;58
Conesa;0,000;0;0,000;0;0,000;1813,593;26
Constantí;5543,491;49;76,414;1;5619,904;43583,975;190
Copons;0,000;0;0,000;0;0,000;1492,634;20
Corbera d'Ebre;1142,166;12;0,000;0;1142,166;9303,978;71
Corbera de Llobregat;81,463;2;0,000;0;81,463;134619,453;489
Corbins;165,120;3;146,854;3;311,973;8232,237;70
Corçà;0,000;0;0,000;0;0,000;10778,597;92
Cornellà de Llobregat;339,881;7;0,000;0;339,881;77604,526;523
Cornellà del Terri;0,000;0;721,019;10;721,019;16476,979;154
Cornudella de Montsant;2485,530;33;0,000;0;2485,530;6858,608;75
Creixell;2650,399;47;48,923;1;2699,321;48002,252;298
Crespià;0,000;0;29,986;2;29,986;2588,972;44
Cruïlles, Monells i Sant Sadurní de l'Heura;0,000;0;0,000;0;0,000;9502,673;71
Cubelles;0,000;0;0,000;0;0,000;80463,016;432
Cubells;2639,930;44;0,000;0;2639,930;7151,453;77
Cunit;41,080;1;21,010;1;62,090;100175,516;812
Darnius;0,000;0;0,000;0;0,000;4165,287;32
Das;0,000;0;0,000;0;0,000;10268,762;39
Deltebre;56,135;1;0,000;0;56,135;81743,769;297
Dosrius;6834,042;25;107,744;1;6941,785;54858,330;178
Duesaigües;986,615;14;0,000;0;986,615;2505,103;28
el Bruc;0,000;0;0,000;0;0,000;23443,689;109
el Brull;116,097;2;0,000;0;116,097;2912,553;10
el Catllar;6985,887;58;0,000;0;6985,887;64013,201;324
el Cogul;0,000;0;0,000;0;0,000;2146,599;21
el Far d'Empordà;0,000;0;0,000;0;0,000;6657,210;61
el Lloar;0,000;0;0,000;0;0,000;1042,535;14
el Masnou;104,174;3;0,000;0;104,174;53366,327;366
el Masroig;403,509;13;0,000;0;403,509;3199,266;31
el Milà;0,000;0;0,000;0;0,000;1016,593;12
el Molar;75,960;3;0,000;0;75,960;2192,273;22
el Montmell;0,000;0;0,000;0;0,000;40124,716;147
el Morell;2483,929;19;0,000;0;2483,929;16964,184;90
el Palau d'Anglesola;883,772;18;0,000;0;883,772;27545,338;167
el Papiol;39,522;1;0,000;0;39,522;15607,269;116
el Perelló;176,194;2;22,628;1;198,822;22658,915;156
el Pinell de Brai;0,000;0;0,000;0;0,000;6454,839;72
el Pla del Penedès;0,000;0;0,000;0;0,000;4460,767;44
el Pla de Santa Maria;2677,235;20;40,819;1;2718,055;26948,058;154
el Poal;1113,182;13;0,000;0;1113,182;6764,682;36
el Pont d'Armentera;0,000;0;0,000;0;0,000;4010,477;37
el Pont de Bar;0,000;0;0,000;0;0,000;3758,212;48
el Pont de Suert;0,000;0;104,782;1;104,782;13722,360;110
el Pont de Vilomara i Rocafort;4678,667;51;65,911;3;4744,578;32996,453;134
el Port de la Selva;0,000;0;0,000;0;0,000;29385,222;167
el Prat de Llobregat;203,709;6;0,000;0;203,709;72609,607;462
el Rourell;0,000;0;0,000;0;0,000;1742,552;17
els Alamús;305,990;5;0,000;0;305,990;4542,567;37
els Garidells;0,000;0;0,000;0;0,000;1731,318;17
els Guiamets;406,479;4;0,000;0;406,479;1583,678;14
els Hostalets de Pierola;357,162;3;0,000;0;357,162;35129,392;118
el Soleràs;198,963;4;0,000;0;198,963;2295,757;19
els Omellons;432,747;6;0,000;0;432,747;2308,854;24
els Omells de na Gaia;485,677;7;0,000;0;485,677;3175,546;36
els Pallaresos;1353,331;21;0,000;0;1353,331;43104,462;216
els Plans de Sió;1361,084;18;30,427;4;1391,511;8576,280;111
els Prats de Rei;0,000;0;0,000;0;0,000;3430,256;38
els Torms;455,863;11;0,000;0;455,863;1677,912;22
el Vendrell;106,524;1;17,929;1;124,453;208696,491;1229
el Vilosell;96,936;1;0,000;0;96,936;3184,943;23
es Bòrdes;0,000;0;0,000;0;0,000;2745,114;41
Esparreguera;346,320;6;0,000;0;346,320;67210,845;312
Espinelves;930,930;9;0,000;0;930,930;2703,761;17
Esplugues de Llobregat;135,131;2;0,000;0;135,131;55318,833;372
Espolla;0,000;0;0,000;0;0,000;4499,572;67
Esponellà;0,000;0;341,660;4;341,660;3400,839;20
Espot;0,000;0;0,000;0;0,000;4494,545;65
Estamariu;0,000;0;0,000;0;0,000;1236,436;6
Estaràs;0,000;0;0,000;0;0,000;2575,904;32
Esterri d'Àneu;0,000;0;0,000;0;0,000;7792,421;59
Esterri de Cardós;0,000;0;0,000;0;0,000;894,823;21
Falset;993,488;22;0,000;0;993,488;11194,394;108
Farrera;0,000;0;0,000;0;0,000;2181,780;31
Figaró-Montmany;630,825;3;0,000;0;630,825;8386,707;33
Fígols;0,000;0;0,000;0;0,000;229,808;4
Fígols i Alinyà;0,000;0;0,000;0;0,000;3437,965;37
Figueres;0,000;0;0,000;0;0,000;97316,481;873
Figuerola del Camp;117,266;1;0,000;0;117,266;2289,659;30
Flaçà;0,000;0;0,000;0;0,000;7730,004;43
Flix;3493,141;37;0,000;0;3493,141;21425,696;156
Fogars de la Selva;0,000;0;0,000;0;0,000;22034,448;53
Fogars de Montclús;0,000;0;0,000;0;0,000;2009,009;9
Foixà;0,000;0;0,000;0;0,000;2380,526;16
Folgueroles;0,000;0;115,877;2;115,877;12102,522;82
Fondarella;536,214;5;0,000;0;536,214;7177,739;52
Fonollosa;0,000;0;0,000;0;0,000;16550,830;95
Fontanals de Cerdanya;0,000;0;149,943;2;149,943;14576,716;104
Fontanilles;0,000;0;0,000;0;0,000;2840,571;25
Fontcoberta;0,000;0;658,905;14;658,905;9771,910;87
Font-rubí;0,000;0;0,000;0;0,000;8552,106;49
Foradada;362,659;5;756,799;8;1119,458;3613,963;38
Forallac;0,000;0;0,000;0;0,000;19377,475;103
Forès;0,000;0;0,000;0;0,000;2391,699;25
Fornells de la Selva;0,000;0;0,000;0;0,000;24047,831;130
Fortià;0,000;0;0,000;0;0,000;7843,903;56
Freginals;0,000;0;0,000;0;0,000;2232,200;30
Fulleda;897,594;14;0,000;0;897,594;1934,703;26
Gaià;0,000;0;0,000;0;0,000;562,011;5
Gallifa;255,792;4;0,000;0;255,792;3931,440;17
Gandesa;1645,504;17;0,000;0;1645,504;14280,059;102
Garcia;2631,762;39;0,000;0;2631,762;4747,275;56
Garrigàs;0,000;0;0,000;0;0,000;3279,078;30
Garrigoles;0,000;0;0,000;0;0,000;2194,381;27
Garriguella;0,000;0;0,000;0;0,000;11121,541;109
Gavà;692,880;16;0,000;0;692,880;79809,306;451
Gavet de la Conca;0,000;0;0,000;0;0,000;5710,764;71
Gelida;0,000;0;0,000;0;0,000;36949,699;191
Ger;0,000;0;0,000;0;0,000;11476,584;67
Gimenells i el Pla de la Font;0,000;0;0,000;0;0,000;11026,277;57
Ginestar;103,301;4;0,000;0;103,301;4678,192;48
Girona;35,288;1;54,442;1;89,730;208527,826;1815
Gironella;0,000;0;373,405;6;373,405;18468,037;138
Gisclareny;0,000;0;0,000;0;0,000;82,856;1
Godall;0,000;0;0,000;0;0,000;5071,496;48
Golmés;5015,621;51;0,000;0;5015,621;19214,518;108
Gombrèn;0,000;0;0,000;0;0,000;2638,251;28
Gósol;0,000;0;0,000;0;0,000;3926,024;36
Granera;0,000;0;0,000;0;0,000;1464,664;11
Granollers;5034,014;51;0,000;0;5034,014;111233,378;623
Granyanella;0,000;0;37,413;2;37,413;6335,578;49
Granyena de les Garrigues;206,559;5;0,000;0;206,559;1855,557;25
Granyena de Segarra;0,000;0;0,000;0;0,000;1630,410;19
Gratallops;0,000;0;0,000;0;0,000;2632,555;44
Gualba;54,563;1;0,000;0;54,563;17688,679;61
Gualta;0,000;0;0,000;0;0,000;4076,387;21
Guardiola de Berguedà;0,000;0;0,000;0;0,000;3088,608;26
Guils de Cerdanya;0,000;0;0,000;0;0,000;13890,775;73
Guimerà;277,417;2;85,734;5;363,151;3923,481;96
Guissona;2161,294;31;38,535;2;2199,829;21827,735;140
Guixers;0,000;0;0,000;0;0,000;1054,204;3
Gurb;2701,922;22;1183,151;6;3885,072;31140,149;152
Horta de Sant Joan;0,000;0;0,000;0;0,000;9784,150;78
Hostalric;163,413;2;0,000;0;163,413;20816,371;108
Igualada;612,088;7;0,000;0;612,088;94178,145;524
Isona i Conca Dellà;0,000;0;123,917;4;123,917;17359,802;173
Isòvol;49,239;1;685,577;8;734,816;6823,669;48
Ivars de Noguera;32,832;1;0,000;0;32,832;3889,446;43
Ivars d'Urgell;2021,982;23;0,000;0;2021,982;10143,507;72
Ivorra;475,598;9;0,000;0;475,598;1312,443;27
Jafre;0,000;0;0,000;0;0,000;3824,937;32
Jorba;0,000;0;0,000;0;0,000;8644,553;57
Josa i Tuixén;0,000;0;469,174;9;469,174;3815,339;50
Juià;0,000;0;0,000;0;0,000;2851,419;23
Juncosa;0,000;0;0,000;0;0,000;2304,810;25
Juneda;1094,620;21;19,581;1;1114,201;14235,935;126
la Baronia de Rialb;0,000;0;0,000;0;0,000;1128,208;19
la Bisbal de Falset;0,000;0;0,000;0;0,000;2562,404;31
la Bisbal del Penedès;0,000;0;0,000;0;0,000;68502,360;256
la Bisbal d'Empordà;0,000;0;8,624;1;8,624;32521,586;177
la Canonja;718,431;13;0,000;0;718,431;15723,916;125
la Cellera de Ter;0,000;0;0,000;0;0,000;11888,059;104
la Coma i la Pedra;0,000;0;0,000;0;0,000;11555,555;44
la Fatarella;924,170;13;0,000;0;924,170;4592,611;47
la Febró;0,000;0;0,000;0;0,000;771,745;13
la Figuera;324,231;4;0,000;0;324,231;2011,171;21
la Floresta;0,000;0;0,000;0;0,000;1827,744;18
la Fuliola;4179,625;39;0,000;0;4179,625;9175,954;74
la Galera;0,000;0;0,000;0;0,000;5585,447;49
la Garriga;3086,328;71;560,537;9;3646,865;66842,095;363
la Granada;0,000;0;0,000;0;0,000;10962,850;76
la Granadella;786,411;14;0,000;0;786,411;4995,914;46
la Granja d'Escarp;0,000;0;0,000;0;0,000;4545,087;50
La Guingueta d'Àneu;0,000;0;1052,151;10;1052,151;5958,076;80
la Jonquera;0,000;0;0,000;0;0,000;19176,211;163
l'Albagés;1211,686;12;0,000;0;1211,686;3401,201;30
l'Albi;437,478;9;509,355;9;946,832;8089,611;74
l'Albiol;1002,156;6;0,000;0;1002,156;7277,307;24
l'Aldea;39,019;1;0,000;0;39,019;35669,797;149
l'Aleixar;4,453;1;0,000;0;4,453;5052,199;43
la Llacuna;0,000;0;0,000;0;0,000;12534,474;106
la Llagosta;1340,181;18;548,898;6;1889,079;18981,442;108
la Masó;0,000;0;0,000;0;0,000;1064,146;9
l'Ametlla del Vallès;5313,168;40;243,114;3;5556,282;85281,693;301
l'Ametlla de Mar;447,012;8;0,000;0;447,012;104536,120;449
la Molsosa;0,000;0;0,000;0;0,000;1183,199;17
la Morera de Montsant;1043,606;12;0,000;0;1043,606;2044,900;27
l'Ampolla;556,901;9;0,000;0;556,901;37954,825;276
la Nou de Berguedà;0,000;0;66,124;1;66,124;1460,338;15
la Nou de Gaià;48,700;2;82,582;5;131,282;3371,641;34
la Palma d'Ebre;0,000;0;0,000;0;0,000;5249,932;56
la Palma de Cervelló;0,000;0;0,000;0;0,000;9967,307;76
la Pera;0,000;0;0,000;0;0,000;3376,210;48
la Pobla de Cérvoles;157,564;2;0,000;0;157,564;2387,475;17
la Pobla de Claramunt;0,000;0;0,000;0;0,000;22147,807;139
la Pobla de Lillet;0,000;0;0,000;0;0,000;6123,968;68
la Pobla de Mafumet;6985,920;42;0,000;0;6985,920;15349,082;93
la Pobla de Massaluca;390,985;8;0,000;0;390,985;2408,749;31
la Pobla de Montornès;3946,423;47;70,243;1;4016,666;37761,268;184
la Pobla de Segur;0,000;0;31,263;1;31,263;11583,496;113
la Portella;565,042;13;0,000;0;565,042;2901,134;39
la Quar;0,000;0;0,000;0;0,000;21,649;1
l'Arboç;0,000;0;47,633;1;47,633;20075,757;120
l'Argentera;77,107;1;0,000;0;77,107;1848,044;27
la Riba;0,000;0;0,000;0;0,000;2824,446;37
la Riera de Gaià;3175,554;21;0,000;0;3175,554;9748,209;47
l'Armentera;0,000;0;0,000;0;0,000;11173,920;94
la Roca del Vallès;7436,976;52;351,410;2;7788,385;61798,027;291
la Secuita;290,252;7;0,000;0;290,252;15664,484;114
la Selva del Camp;465,205;5;0,000;0;465,205;16154,713;124
la Selva de Mar;0,000;0;0,000;0;0,000;2659,019;29
la Sénia;0,000;0;0,000;0;0,000;28943,139;186
la Sentiu de Sió;1384,244;13;0,000;0;1384,244;7119,997;51
la Seu d'Urgell;174,215;2;36,847;1;211,063;29518,577;231
la Tallada d'Empordà;0,000;0;0,000;0;0,000;6170,425;45
la Torre de Cabdella;0,000;0;754,341;18;754,341;9666,508;148
la Torre de Claramunt;54,933;1;0,000;0;54,933;50885,970;181
la Torre de Fontaubella;21,866;1;0,000;0;21,866;1675,837;25
la Torre de l'Espanyol;832,416;6;0,000;0;832,416;4689,014;32
la Vajol;0,000;0;0,000;0;0,000;1543,911;20
la Vall de Bianya;371,418;2;0,000;0;371,418;7312,555;54
la Vall de Boí;0,000;0;234,506;3;234,506;10937,291;148
la Vall d'en Bas;0,000;0;97,902;1;97,902;18811,071;124
la Vansa i Fórnols;0,000;0;219,171;2;219,171;3110,441;41
la Vilella Alta;724,516;11;0,000;0;724,516;2134,085;27
la Vilella Baixa;641,704;9;0,000;0;641,704;2969,323;35
Les;0,000;0;185,365;2;185,365;5032,959;51
les Avellanes i Santa Linya;0,000;0;346,176;8;346,176;6943,000;113
les Borges Blanques;4139,873;28;0,000;0;4139,873;23840,542;144
les Borges del Camp;1588,637;11;0,000;0;1588,637;9453,730;63
les Cabanyes;0,000;0;0,000;0;0,000;6701,134;38
l'Escala;603,648;12;0,000;0;603,648;125453,665;728
les Franqueses del Vallès;7219,748;64;90,622;1;7310,370;75580,094;361
les Llosses;0,000;0;0,000;0;0,000;443,622;6
les Masies de Roda;1933,844;14;0,000;0;1933,844;8075,537;47
les Masies de Voltregà;262,126;4;0,000;0;262,126;23061,428;154
les Oluges;1542,350;28;269,276;1;1811,626;4563,505;56
les Piles;616,547;12;0,000;0;616,547;2845,370;35
les Planes d'Hostoles;0,000;0;0,000;0;0,000;9704,734;79
l'Espluga Calba;599,398;15;0,000;0;599,398;3380,295;35
l'Espluga de Francolí;0,000;0;0,000;0;0,000;16405,489;142
les Preses;0,000;0;0,000;0;0,000;13639,120;77
l'Espunyola;0,000;0;0,000;0;0,000;0,000;0
l'Esquirol;813,158;7;0,000;0;813,158;18442,146;105
l'Estany;1081,807;10;53,705;1;1135,512;5220,976;37
les Valls d'Aguilar;0,000;0;2514,478;23;2514,478;5023,914;61
les Valls de Valira;0,000;0;778,866;6;778,866;9585,680;87
l'Hospitalet de Llobregat;0,000;0;0,000;0;0,000;148569,094;993
Linyola;805,647;17;0,000;0;805,647;17111,165;118
Lladó;0,000;0;0,000;0;0,000;6814,639;45
Lladorre;0,000;0;2560,492;12;2560,492;6020,455;68
Lladurs;0,000;0;0,000;0;0,000;296,368;1
Llagostera;168,129;2;0,000;0;168,129;49922,311;240
Llambilles;0,000;0;0,000;0;0,000;4612,227;29
Llanars;0,000;0;0,000;0;0,000;6034,218;40
Llançà;0,000;0;0,000;0;0,000;51671,774;389
Llardecans;295,916;4;0,000;0;295,916;3779,168;40
Llavorsí;0,000;0;81,594;1;81,594;2099,527;20
Lleida;2805,434;36;38,091;1;2843,525;233301,474;1530
Llers;0,000;0;0,000;0;0,000;10471,874;69
Lles de Cerdanya;0,000;0;0,000;0;0,000;4909,058;63
Lliçà d'Amunt;2070,095;23;0,000;0;2070,095;115158,682;372
Lliçà de Vall;6773,153;54;68,552;1;6841,705;71669,958;245
Llimiana;0,000;0;0,000;0;0,000;1544,237;28
Llinars del Vallès;3800,243;39;93,726;1;3893,969;71793,164;302
Llívia;0,000;0;0,000;0;0,000;14133,617;82
Llobera;0,000;0;0,000;0;0,000;150,124;1
Llorac;0,000;0;0,000;0;0,000;2647,195;32
Llorenç del Penedès;0,000;0;0,000;0;0,000;24241,772;152
Lloret de Mar;816,028;14;0,000;0;816,028;190439,904;776
Lluçà;0,000;0;0,000;0;0,000;1056,535;10
Maçanet de Cabrenys;0,000;0;0,000;0;0,000;10263,048;79
Maçanet de la Selva;505,166;7;0,000;0;505,166;87960,712;266
Madremanya;0,000;0;371,050;6;371,050;2761,167;22
Maià de Montcal;0,000;0;0,000;0;0,000;4786,469;24
Maials;559,127;16;0,000;0;559,127;7622,901;73
Maldà;1039,804;18;0,000;0;1039,804;2201,840;33
Malgrat de Mar;477,526;8;253,497;5;731,023;45134,400;246
Malla;0,000;0;0,000;0;0,000;313,943;1
Manlleu;1385,531;34;312,068;5;1697,598;52922,465;390
Manresa;1736,605;26;0,000;0;1736,605;113911,532;1049
Marçà;854,941;10;286,449;5;1141,390;3046,877;42
Margalef;0,000;0;0,000;0;0,000;1506,665;19
Marganell;30,482;2;0,000;0;30,482;10362,541;23
Martorell;974,360;16;0,000;0;974,360;48397,351;321
Martorelles;1750,978;41;0,000;0;1750,978;28255,292;199
Masarac;0,000;0;0,000;0;0,000;4469,807;51
Mas de Barberans;0,000;0;0,000;0;0,000;4532,799;40
Masdenverge;0,000;0;0,000;0;0,000;5977,025;44
Masllorenç;0,000;0;0,000;0;0,000;9276,786;45
Maspujols;1306,530;6;0,000;0;1306,530;5134,680;41
Masquefa;402,566;8;0,000;0;402,566;55381,434;283
Massalcoreig;0,000;0;0,000;0;0,000;3519,420;35
Massanes;67,633;1;0,000;0;67,633;14123,623;44
Massoteres;438,015;8;0,000;0;438,015;2103,541;26
Matadepera;71,119;7;0,000;0;71,119;92518,395;391
Mataró;8465,907;107;133,371;2;8599,278;167768,582;1026
Medinyà;0,000;0;0,000;0;0,000;6353,880;40
Mediona;0,000;0;0,000;0;0,000;37463,387;128
Menàrguens;1200,747;12;0,000;0;1200,747;7201,939;62
Meranges;0,000;0;0,000;0;0,000;2512,081;26
Mieres;0,000;0;46,710;1;46,710;2273,452;22
Miralcamp;2557,154;38;0,000;0;2557,154;15509,524;120
Miravet;1153,475;13;0,000;0;1153,475;5282,392;60
Moià;3883,997;38;81,705;1;3965,702;36703,207;206
Molins de Rei;117,470;4;0,000;0;117,470;47733,749;382
Mollerussa;1566,148;41;0,000;0;1566,148;43052,804;286
Mollet del Vallès;3874,906;53;0,000;0;3874,906;72193,253;463
Mollet de Peralada;0,000;0;0,000;0;0,000;1619,557;24
Molló;0,000;0;0,000;0;0,000;8091,439;55
Monistrol de Calders;1335,026;23;0,000;0;1335,026;16172,740;80
Monistrol de Montserrat;0,000;0;0,000;0;0,000;11574,898;81
Montagut i Oix;0,000;0;0,000;0;0,000;4960,101;41
Montblanc;3326,191;44;149,108;5;3475,298;35354,020;291
Montbrió del Camp;307,432;5;0,000;0;307,432;13591,697;101
Montcada i Reixac;1388,409;25;33,320;1;1421,729;76288,097;569
Montclar;0,000;0;0,000;0;0,000;0,000;0
Montellà i Martinet;46,283;1;0,000;0;46,283;6819,039;70
Montesquiu;0,000;0;0,000;0;0,000;5334,190;33
Montferrer i Castellbò;0,000;0;0,000;0;0,000;19172,728;147
Montferri;0,000;0;0,000;0;0,000;6115,522;27
Montgai;1332,705;15;0,000;0;1332,705;6057,574;59
Montgat;152,439;5;658,687;5;811,126;28552,048;193
Montmajor;82,082;1;0,000;0;82,082;2450,685;18
Montmaneu;0,000;0;0,000;0;0,000;2623,128;19
Montmeló;4091,597;28;252,140;1;4343,737;30753,299;135
Montoliu de Lleida;382,416;6;0,000;0;382,416;5467,539;42
Montoliu de Segarra;1458,996;31;0,000;0;1458,996;3876,983;56
Montornès del Vallès;1673,870;26;253,994;2;1927,864;54553,084;323
Montornès de Segarra;736,534;10;0,000;0;736,534;2213,197;22
Mont-ral;94,183;2;0,000;0;94,183;5184,887;35
Mont-ras;293,433;13;0,000;0;293,433;17635,815;134
Mont-roig del Camp;4199,310;99;196,892;4;4396,202;152799,032;796
Montseny;0,000;0;0,000;0;0,000;1372,479;9
Móra d'Ebre;2943,408;49;0,000;0;2943,408;25234,982;192
Móra la Nova;621,611;6;0,000;0;621,611;13863,806;90
Muntanyola;0,000;0;0,000;0;0,000;12700,946;27
Mura;0,000;0;0,000;0;0,000;3838,824;46
Nalec;315,646;7;0,000;0;315,646;3669,114;20
Naut Aran;87,990;2;494,962;14;582,952;25092,945;273
Navarcles;2415,851;35;0,000;0;2415,851;26910,624;173
Navàs;0,000;0;0,000;0;0,000;23736,766;125
Navata;0,000;0;0,000;0;0,000;13753,671;85
Navès;0,000;0;0,000;0;0,000;2074,039;14
Nulles;393,161;5;33,956;1;427,117;3869,922;40
Odèn;0,000;0;0,000;0;0,000;485,291;5
Òdena;0,000;0;0,000;0;0,000;21953,374;129
Ogassa;0,000;0;0,000;0;0,000;2650,382;18
Olèrdola;0,000;0;0,000;0;0,000;40823,796;183
Olesa de Bonesvalls;0,000;0;0,000;0;0,000;30804,877;116
Olesa de Montserrat;0,000;0;0,000;0;0,000;47779,262;230
Oliana;0,000;0;0,000;0;0,000;12734,545;108
Oliola;0,000;0;0,000;0;0,000;3325,830;43
Olius;57,981;1;0,000;0;57,981;13130,366;71
Olivella;0,000;0;0,000;0;0,000;72493,110;185
Olost;3906,294;35;74,669;1;3980,962;10048,528;73
Olot;271,425;4;250,764;2;522,189;115979,327;781
Olvan;0,000;0;0,000;0;0,000;4796,613;53
Ordis;0,000;0;0,000;0;0,000;2227,624;22
Organyà;0,000;0;0,000;0;0,000;7149,732;70
Orís;130,038;3;0,000;0;130,038;1350,572;13
Oristà;1996,098;21;0,000;0;1996,098;5858,172;40
Orpí;0,000;0;0,000;0;0,000;1349,383;15
Òrrius;404,088;4;29,903;1;433,991;5812,900;42
Os de Balaguer;578,118;5;0,000;0;578,118;10995,982;101
Osor;0,000;0;0,000;0;0,000;3833,309;29
Ossó de Sió;986,494;23;0,000;0;986,494;4586,986;72
Pacs del Penedès;0,000;0;0,000;0;0,000;4714,030;29
Palafolls;92,866;1;0,000;0;92,866;44892,499;193
Palafrugell;0,000;0;0,000;0;0,000;112209,268;811
Palamós;0,000;0;0,000;0;0,000;63803,948;417
Palau de Santa Eulàlia;0,000;0;0,000;0;0,000;1524,044;25
Palau-sator;0,000;0;0,000;0;0,000;3271,210;44
Palau-saverdera;138,666;2;0,000;0;138,666;18439,487;127
Palau-solità i Plegamans;852,189;11;0,000;0;852,189;98310,368;410
Pallejà;303,638;6;0,000;0;303,638;43823,111;233
Palol de Revardit;0,000;0;313,696;3;313,696;6542,578;57
Pals;1034,790;16;243,688;3;1278,478;41370,210;202
Pardines;0,000;0;0,000;0;0,000;1315,858;22
Parets del Vallès;7421,890;73;0,000;0;7421,890;65852,208;278
Parlavà;0,000;0;0,000;0;0,000;4844,881;48
Passanant i Belltall;0,000;0;0,000;0;0,000;3169,162;50
Pau;0,000;0;0,000;0;0,000;7604,304;68
Paüls;56,458;1;0,000;0;56,458;4218,972;58
Pedret i Marzà;0,000;0;0,000;0;0,000;2179,195;20
Penelles;358,905;5;0,000;0;358,905;2957,769;30
Perafita;1183,484;13;0,000;0;1183,484;4365,249;38
Perafort;2822,868;17;0,000;0;2822,868;15341,287;66
Peralada;0,000;0;0,000;0;0,000;18923,914;143
Peramola;0,000;0;0,000;0;0,000;2112,548;39
Piera;150,093;2;33,341;2;183,434;140255,271;607
Pineda de Mar;611,724;11;16,703;1;628,426;82833,407;476
Pinell de Solsonès;54,965;1;0,000;0;54,965;471,674;4
Pinós;0,000;0;0,000;0;0,000;1889,468;21
Pira;967,850;11;0,000;0;967,850;4997,390;49
Planoles;0,000;0;0,000;0;0,000;5500,106;27
Poboleda;2175,704;26;0,000;0;2175,704;4027,766;46
Polinyà;1387,260;11;227,528;2;1614,789;29219,896;107
Pont de Molins;0,000;0;0,000;0;0,000;3881,270;38
Pontils;1647,765;16;0,000;0;1647,765;6035,541;29
Pontons;0,000;0;0,000;0;0,000;8258,869;54
Pontós;0,000;0;0,000;0;0,000;2105,027;11
Ponts;0,000;0;0,000;0;0,000;12280,128;96
Porqueres;0,000;0;379,362;5;379,362;31168,732;267
Porrera;569,507;21;0,000;0;569,507;4397,846;83
Portbou;0,000;0;0,000;0;0,000;4508,787;65
Pradell de la Teixeta;16,972;1;0,000;0;16,972;1234,358;27
Prades;2827,844;37;0,000;0;2827,844;8619,030;84
Prat de Comte;0,000;0;0,000;0;0,000;1908,712;25
Pratdip;721,314;8;0,000;0;721,314;14166,808;90
Prats de Lluçanès;2993,315;34;0,000;0;2993,315;11114,905;75
Prats i Sansor;0,000;0;0,000;0;0,000;11416,845;44
Preixana;1075,762;13;0,000;0;1075,762;4016,091;33
Preixens;1925,513;27;0,000;0;1925,513;4561,781;54
Premià de Dalt;2503,000;29;258,785;4;2761,785;55187,653;321
Premià de Mar;0,000;0;0,000;0;0,000;36230,570;230
Prullans;0,000;0;0,000;0;0,000;5349,405;42
Puigcerdà;150,472;3;165,469;2;315,941;37116,237;242
Puigdàlber;0,000;0;0,000;0;0,000;4146,487;25
Puiggròs;682,594;13;0,000;0;682,594;2424,219;37
Puigpelat;0,000;0;0,000;0;0,000;9481,886;64
Puig-reig;284,687;6;324,265;9;608,952;18822,399;155
Puigverd d'Agramunt;258,124;6;0,000;0;258,124;2595,929;31
Puigverd de Lleida;40,320;1;0,000;0;40,320;10221,864;60
Pujalt;0,000;0;248,255;6;248,255;3193,489;51
Quart;0,000;0;0,000;0;0,000;21823,031;110
Queralbs;0,000;0;0,000;0;0,000;2880,544;26
Querol;1409,740;8;48,846;1;1458,586;53611,729;121
Rabós;0,000;0;0,000;0;0,000;2707,464;32
Rajadell;211,193;3;0,000;0;211,193;5066,610;30
Rasquera;0,000;0;0,000;0;0,000;5328,380;54
Regencós;0,000;0;0,000;0;0,000;3744,272;18
Rellinars;812,062;13;0,000;0;812,062;18338,224;85
Renau;0,000;0;0,000;0;0,000;1022,902;10
Reus;518,911;19;21,370;1;540,281;216302,215;2037
Rialp;0,000;0;412,851;5;412,851;4132,974;41
Riba-roja d'Ebre;1831,769;20;0,000;0;1831,769;9558,597;64
Ribera d'Ondara;476,186;4;0,000;0;476,186;6376,384;63
Ribera d'Urgellet;0,000;0;473,299;4;473,299;7445,076;66
Ribes de Freser;0,000;0;278,903;2;278,903;7383,567;60
Riells i Viabrea;0,000;0;0,000;0;0,000;54741,781;150
Riner;0,000;0;0,000;0;0,000;1784,121;17
Ripoll;167,655;2;0,000;0;167,655;31740,465;232
Ripollet;2082,413;44;1439,304;20;3521,718;49478,224;340
Riudarenes;0,000;0;0,000;0;0,000;36769,843;117
Riudaura;0,000;0;0,000;0;0,000;2437,419;22
Riudecanyes;2732,592;19;0,000;0;2732,592;12883,942;65
Riu de Cerdanya;0,000;0;0,000;0;0,000;1425,853;21
Riudecols;2074,126;13;0,000;0;2074,126;7576,679;42
Riudellots de la Selva;83,695;1;0,000;0;83,695;20584,337;90
Riudoms;2978,847;31;0,000;0;2978,847;17823,082;137
Riumors;0,000;0;0,000;0;0,000;2408,129;19
Rocafort de Queralt;69,629;1;474,539;10;544,169;1955,796;33
Roda de Berà;3688,622;53;0,000;0;3688,622;95281,110;473
Roda de Ter;4213,170;51;0,000;0;4213,170;25159,406;177
Rodonyà;0,000;0;0,000;0;0,000;11503,704;52
Roquetes;0,000;0;0,000;0;0,000;37850,005;246
Roses;0,000;0;0,000;0;0,000;111694,299;611
Rosselló;0,000;0;0,000;0;0,000;15340,171;118
Rubí;7339,168;224;401,079;6;7740,247;254754,507;1719
Rubió;0,000;0;0,000;0;0,000;347,838;2
Rupià;0,000;0;0,000;0;0,000;1533,743;19
Rupit i Pruit;0,000;0;490,695;7;490,695;1927,507;24
Sabadell;3658,807;69;26,696;1;3685,503;299432,147;1777
Sagàs;0,000;0;0,000;0;0,000;237,016;1
Salàs de Pallars;0,000;0;0,000;0;0,000;3742,462;40
Saldes;0,000;0;0,000;0;0,000;3864,495;35
Sales de Llierca;0,000;0;0,000;0;0,000;0,000;0
Sallent;505,505;6;0,000;0;505,505;31187,455;229
Salomó;0,000;0;0,000;0;0,000;4752,908;33
Salou;1161,706;34;722,507;5;1884,214;81134,788;458
Salt;0,000;0;0,000;0;0,000;35488,455;243
Sanaüja;1208,368;17;0,000;0;1208,368;4553,595;45
Santa Bàrbara;0,000;0;0,000;0;0,000;33165,087;167
Santa Cecília de Voltregà;0,000;0;0,000;0;0,000;431,828;5
Santa Coloma de Cervelló;164,231;7;0,000;0;164,231;33145,123;169
Santa Coloma de Farners;94,951;1;0,000;0;94,951;55330,501;310
Santa Coloma de Gramenet;0,000;0;0,000;0;0,000;70193,604;632
Santa Coloma de Queralt;40,800;1;28,033;2;68,833;18489,103;157
Santa Cristina d'Aro;297,211;4;0,000;0;297,211;79529,557;304
Sant Adrià de Besòs;0,000;0;0,000;0;0,000;39046,337;289
Santa Eugènia de Berga;676,030;13;0,000;0;676,030;11284,712;85
Santa Eulàlia de Riuprimer;53,838;1;91,903;1;145,741;5187,768;48
Santa Eulàlia de Ronçana;1216,973;10;94,364;1;1311,337;71476,820;267
Santa Fe del Penedès;0,000;0;0,000;0;0,000;1233,692;17
Sant Agustí de Lluçanès;0,000;0;0,000;0;0,000;1723,339;9
Santa Llogaia d'Àlguema;0,000;0;0,000;0;0,000;4120,460;25
Santa Margarida de Montbui;0,000;0;0,000;0;0,000;22463,264;150
Santa Margarida i els Monjos;0,000;0;0,000;0;0,000;27150,160;167
Santa Maria de Besora;0,000;0;0,000;0;0,000;1152,949;12
Santa Maria de Martorelles;973,903;9;0,000;0;973,903;5324,330;29
Santa Maria de Merlès;0,000;0;0,000;0;0,000;158,742;3
Santa Maria de Miralles;0,000;0;0,000;0;0,000;452,711;1
Santa Maria de Palautordera;3823,907;50;0,000;0;3823,907;58935,881;289
Santa Maria d'Oló;371,646;4;0,000;0;371,646;6545,266;38
Sant Andreu de la Barca;380,783;7;0,000;0;380,783;52495,734;330
Sant Andreu de Llavaneres;3271,823;32;557,507;8;3829,330;59911,151;248
Sant Andreu Salou;0,000;0;0,000;0;0,000;242,911;4
Sant Aniol de Finestres;0,000;0;154,348;2;154,348;1620,898;19
Sant Antoni de Vilamajor;1227,645;16;0,000;0;1227,645;47458,435;195
Santa Oliva;0,000;0;0,000;0;0,000;29666,310;176
Santa Pau;0,000;0;76,542;7;76,542;8154,991;75
Santa Perpètua de Mogoda;5328,175;61;72,679;2;5400,854;83271,497;425
Santa Susanna;380,647;5;299,489;3;680,135;44809,991;202
Sant Bartomeu del Grau;2839,000;10;0,000;0;2839,000;5580,880;24
Sant Boi de Llobregat;579,878;22;6,362;1;586,240;127053,410;945
Sant Boi de Lluçanès;136,015;2;1177,120;13;1313,135;6641,638;58
Sant Carles de la Ràpita;204,421;3;0,000;0;204,421;52834,550;348
Sant Cebrià de Vallalta;655,008;7;0,000;0;655,008;36646,941;110
Sant Celoni;1693,610;27;117,310;1;1810,920;67266,262;392
Sant Climent de Llobregat;40,141;4;0,000;0;40,141;9956,755;80
Sant Climent Sescebes;0,000;0;0,000;0;0,000;4737,828;53
Sant Cugat del Vallès;1252,541;47;37,402;1;1289,943;276668,593;1526
Sant Cugat Sesgarrigues;0,000;0;0,000;0;0,000;10183,679;56
Sant Esteve de la Sarga;0,000;0;0,000;0;0,000;2846,361;57
Sant Esteve de Palautordera;438,623;6;0,000;0;438,623;17001,369;88
Sant Esteve Sesrovires;72,624;1;0,000;0;72,624;57544,047;258
Sant Feliu de Buixalleu;54,501;1;0,000;0;54,501;15118,306;41
Sant Feliu de Codines;1040,700;16;15,499;1;1056,199;31153,727;201
Sant Feliu de Guíxols;233,778;8;325,354;1;559,132;93189,418;674
Sant Feliu de Llobregat;0,000;0;0,000;0;0,000;39001,351;265
Sant Feliu de Pallerols;0,000;0;0,000;0;0,000;9684,230;72
Sant Feliu Sasserra;706,546;13;0,000;0;706,546;4259,716;33
Sant Ferriol;0,000;0;0,000;0;0,000;192,911;2
Sant Fost de Campsentelles;998,953;9;0,000;0;998,953;57624,727;256
Sant Fruitós de Bages;3424,326;31;577,381;7;4001,707;64902,515;377
Sant Gregori;0,000;0;0,000;0;0,000;25000,959;156
Sant Guim de Freixenet;0,000;0;0,000;0;0,000;9020,345;90
Sant Guim de la Plana;643,082;18;0,000;0;643,082;2732,110;49
Sant Hilari Sacalm;30,580;1;278,036;1;308,616;29570,461;149
Sant Hipòlit de Voltregà;50,846;4;0,000;0;50,846;15082,316;100
Sant Iscle de Vallalta;1635,665;8;0,000;0;1635,665;14441,360;55
Sant Jaume de Frontanyà;0,000;0;0,000;0;0,000;562,064;2
Sant Jaume de Llierca;0,000;0;0,000;0;0,000;8560,359;53
Sant Jaume dels Domenys;0,000;0;37,099;1;37,099;23239,960;126
Sant Jaume d'Enveja;0,000;0;0,000;0;0,000;19820,546;117
Sant Joan de les Abadesses;0,000;0;76,216;2;76,216;10997,046;105
Sant Joan de Mollet;0,000;0;0,000;0;0,000;4625,258;36
Sant Joan Despí;54,288;2;0,000;0;54,288;45013,965;308
Sant Joan de Vilatorrada;237,180;4;0,000;0;237,180;21860,176;199
Sant Joan les Fonts;94,418;2;191,442;3;285,860;24856,148;167
Sant Jordi Desvalls;0,000;0;0,000;0;0,000;5972,053;50
Sant Julià de Cerdanyola;0,000;0;0,000;0;0,000;3085,063;32
Sant Julià del Llor i Bonmatí;0,000;0;0,000;0;0,000;8016,124;62
Sant Julià de Ramis;75,885;1;0,000;0;75,885;19444,283;127
Sant Julià de Vilatorta;213,346;8;0,000;0;213,346;23883,186;138
Sant Just Desvern;145,420;7;0,000;0;145,420;48341,127;333
Sant Llorenç de la Muga;0,000;0;0,000;0;0,000;3299,336;34
Sant Llorenç de Morunys;0,000;0;104,357;5;104,357;9481,795;95
Sant Llorenç d'Hortons;0,000;0;0,000;0;0,000;21830,202;140
Sant Llorenç Savall;1233,645;11;0,000;0;1233,645;19699,049;113
Sant Martí d'Albars;0,000;0;0,000;0;0,000;767,330;5
Sant Martí de Centelles;1639,470;27;0,000;0;1639,470;12645,365;91
Sant Martí de Llémena;0,000;0;60,237;1;60,237;8216,125;43
Sant Martí de Riucorb;1199,682;19;0,000;0;1199,682;9241,902;83
Sant Martí de Tous;0,000;0;0,000;0;0,000;7402,669;58
Sant Martí Sarroca;0,000;0;0,000;0;0,000;12414,440;90
Sant Martí Sesgueioles;0,000;0;0,000;0;0,000;2704,752;26
Sant Martí Vell;0,000;0;0,000;0;0,000;2414,833;24
Sant Mateu de Bages;0,000;0;0,000;0;0,000;2985,858;18
Sant Miquel de Campmajor;0,000;0;0,000;0;0,000;1100,741;6
Sant Miquel de Fluvià;0,000;0;0,000;0;0,000;7732,317;42
Sant Mori;0,000;0;0,000;0;0,000;1991,644;26
Sant Pau de Segúries;0,000;0;0,000;0;0,000;5281,228;38
Santpedor;3777,407;48;0,000;0;3777,407;36479,571;234
Sant Pere de Ribes;0,000;0;0,000;0;0,000;115001,829;597
Sant Pere de Riudebitlles;0,000;0;0,000;0;0,000;10115,595;63
Sant Pere de Torelló;0,000;0;0,000;0;0,000;13004,222;84
Sant Pere de Vilamajor;1528,533;23;0,000;0;1528,533;60994,400;234
Sant Pere Pescador;65,332;1;0,000;0;65,332;17212,695;135
Sant Pere Sallavinera;0,000;0;0,000;0;0,000;1096,963;22
Sant Pol de Mar;1056,912;12;41,778;1;1098,689;26768,548;165
Sant Quintí de Mediona;0,000;0;0,000;0;0,000;10945,262;64
Sant Quirze de Besora;0,000;0;0,000;0;0,000;9798,348;66
Sant Quirze del Vallès;3238,049;50;266,135;2;3504,184;95972,103;591
Sant Quirze Safaja;2291,744;14;0,000;0;2291,744;16874,883;48
Sant Ramon;2397,300;41;0,000;0;2397,300;5600,984;65
Sant Sadurní d'Anoia;0,000;0;0,000;0;0,000;35562,340;259
Sant Sadurní d'Osormort;0,000;0;0,000;0;0,000;637,976;5
Sant Salvador de Guardiola;55,542;2;0,000;0;55,542;45977,222;129
Sant Vicenç de Castellet;0,000;0;0,000;0;0,000;33448,477;168
Sant Vicenç dels Horts;0,000;0;0,000;0;0,000;75171,713;790
Sant Vicenç de Montalt;2522,716;22;459,780;5;2982,496;52071,689;250
Sant Vicenç de Torelló;3702,650;48;247,836;3;3950,486;13730,200;112
Sarral;441,744;11;219,453;3;661,197;10102,367;102
Sarrià de Ter;154,339;5;0,000;0;154,339;24336,150;204
Sarroca de Bellera;0,000;0;0,000;0;0,000;4098,032;47
Sarroca de Lleida;539,404;7;0,000;0;539,404;2114,610;22
Saus, Camallera i Llampaies;0,000;0;0,000;0;0,000;11920,536;83
Savallà del Comtat;108,935;3;0,000;0;108,935;2277,354;28
Senan;172,798;4;0,000;0;172,798;586,431;7
Senterada;0,000;0;0,000;0;0,000;1241,677;13
Sentmenat;1265,614;18;0,000;0;1265,614;47747,196;212
Serinyà;0,000;0;0,000;0;0,000;6981,359;89
Seròs;1482,591;17;0,000;0;1482,591;7605,393;72
Serra de Daró;0,000;0;0,000;0;0,000;3642,641;38
Setcases;0,000;0;0,000;0;0,000;2638,794;38
Seva;1119,295;25;0,000;0;1119,295;56410,823;245
Sidamon;330,090;5;0,000;0;330,090;5452,454;37
Sils;619,764;13;262,051;2;881,815;55610,122;274
Sitges;0,000;0;0,000;0;0,000;104657,922;634
Siurana;0,000;0;0,000;0;0,000;1034,744;14
Sobremunt;0,000;0;0,000;0;0,000;997,002;8
Solivella;270,166;1;0,000;0;270,166;4600,548;53
Solsona;303,592;6;0,000;0;303,592;33807,584;312
Sora;0,000;0;0,000;0;0,000;3953,769;28
Soriguera;0,000;0;845,598;8;845,598;4321,815;55
Sort;0,000;0;739,262;6;739,262;16589,633;222
Soses;1718,112;12;0,000;0;1718,112;4695,848;28
Subirats;0,000;0;0,000;0;0,000;30439,518;187
Sudanell;362,163;10;112,026;1;474,189;6931,863;59
Sunyer;0,000;0;0,000;0;0,000;2272,605;25
Súria;92,011;3;0,000;0;92,011;17702,268;129
Susqueda;0,000;0;0,000;0;0,000;224,508;1
Tagamanent;614,518;7;0,000;0;614,518;6678,081;33
Talamanca;422,197;7;0,000;0;422,197;5134,667;40
Talarn;0,000;0;0,000;0;0,000;10200,899;60
Talavera;181,465;1;272,486;2;453,952;4359,660;50
Taradell;3272,197;25;0,000;0;3272,197;37685,861;220
Tarragona;5048,111;151;133,908;1;5182,019;248060,515;1807
Tàrrega;1093,776;24;276,392;6;1370,168;61799,558;449
Tarrés;192,710;3;0,000;0;192,710;1711,805;17
Tarroja de Segarra;101,032;4;0,000;0;101,032;2054,755;28
Tavèrnoles;2108,539;8;0,000;0;2108,539;5693,371;26
Tavertet;0,000;0;0,000;0;0,000;2207,922;22
Teià;2430,343;35;0,000;0;2430,343;32540,795;179
Térmens;3078,166;22;0,000;0;3078,166;11224,190;82
Terrades;0,000;0;0,000;0;0,000;1947,653;23
Terrassa;1598,095;33;0,000;0;1598,095;363019,425;1946
Tiana;120,204;4;46,799;1;167,004;29183,613;155
Tírvia;0,000;0;0,000;0;0,000;1586,699;22
Tiurana;0,000;0;0,000;0;0,000;756,062;7
Tivenys;0,000;0;0,000;0;0,000;4582,736;61
Tivissa;1896,449;15;0,000;0;1896,449;10057,092;92
Tona;2081,082;40;174,818;4;2255,900;39019,704;252
Torà;2189,131;31;0,000;0;2189,131;9229,147;87
Tordera;321,640;4;131,363;4;453,003;106977,293;415
Torelló;1931,695;22;0,000;0;1931,695;48296,734;276
Tornabous;2623,165;13;0,000;0;2623,165;5589,928;38
Torrebesses;0,000;0;0,000;0;0,000;3371,392;38
Torredembarra;4259,469;79;169,156;2;4428,624;82071,975;591
Torrefarrera;1740,632;25;0,000;0;1740,632;25457,205;192
Torrefeta i Florejacs;3392,590;62;0,000;0;3392,590;9850,032;138
Torregrossa;408,711;5;0,000;0;408,711;12977,814;84
Torrelameu;0,000;0;0,000;0;0,000;4836,285;45
Torrelavit;0,000;0;0,000;0;0,000;9844,091;55
Torrelles de Foix;0,000;0;0,000;0;0,000;24697,304;118
Torrelles de Llobregat;71,244;5;0,000;0;71,244;40966,707;188
Torrent;0,000;0;0,000;0;0,000;2757,062;15
Torres de Segre;1760,214;13;40,731;1;1800,945;15180,840;96
Torre-serona;19,055;1;0,000;0;19,055;6478,945;44
Torroella de Fluvià;0,000;0;84,691;1;84,691;7953,323;56
Torroella de Montgrí;486,641;7;47,042;1;533,683;77648,063;455
Torroja del Priorat;574,306;11;0,000;0;574,306;2133,841;26
Tortellà;0,000;0;14,257;1;14,257;4967,645;45
Tortosa;249,737;4;0,000;0;249,737;112331,328;809
Toses;155,992;5;0,000;0;155,992;4299,393;42
Tossa de Mar;35,063;4;0,000;0;35,063;52959,874;343
Tremp;133,627;2;0,000;0;133,627;31738,178;276
Ullà;0,000;0;0,000;0;0,000;7462,108;58
Ullastrell;181,268;3;0,000;0;181,268;11704,395;62
Ullastret;0,000;0;0,000;0;0,000;3475,757;37
Ulldecona;40,918;1;241,233;1;282,151;34100,265;244
Ulldemolins;982,646;11;0,000;0;982,646;5431,261;43
Ultramort;0,000;0;0,000;0;0,000;2827,001;23
Urús;43,504;2;0,000;0;43,504;4888,021;37
Vacarisses;1477,556;6;0,000;0;1477,556;89539,637;441
Vallbona d'Anoia;0,000;0;0,000;0;0,000;9240,308;63
Vallbona de les Monges;2138,197;16;0,000;0;2138,197;4506,071;38
Vallcebre;0,000;0;0,000;0;0,000;1969,347;17
Vallclara;0,000;0;0,000;0;0,000;1287,389;18
Vall de Cardós;0,000;0;542,380;18;542,380;4833,164;76
Vallfogona de Balaguer;724,075;6;0,000;0;724,075;16387,307;100
Vallfogona de Ripollès;0,000;0;0,000;0;0,000;2390,875;21
Vallfogona de Riucorb;0,000;0;0,000;0;0,000;1906,557;32
Vallgorguina;4617,191;24;0,000;0;4617,191;37517,673;128
Vallirana;920,553;20;138,942;1;1059,495;112969,011;376
Vall-llobrega;0,000;0;0,000;0;0,000;16011,819;58
Vallmoll;7185,762;39;0,000;0;7185,762;17574,731;90
Vallromanes;3201,051;30;324,880;4;3525,931;30927,821;128
Valls;3439,583;29;0,000;0;3439,583;87882,718;613
Vandellòs i l'Hospitalet de l'Infant;47,204;2;893,463;9;940,667;57123,098;392
Veciana;0,000;0;0,000;0;0,000;1854,522;14
Ventalló;0,000;0;0,000;0;0,000;11518,252;90
Verdú;3036,193;33;0,000;0;3036,193;6559,309;75
Verges;0,000;0;0,000;0;0,000;6202,197;41
Vespella de Gaià;79,469;2;0,000;0;79,469;9939,552;33
Vic;1675,915;51;0,000;0;1675,915;117022,561;858
Vidrà;0,000;0;0,000;0;0,000;3354,247;21
Vidreres;580,166;8;0,000;0;580,166;90086,175;299
Vielha e Mijaran;0,000;0;502,631;6;502,631;22224,591;243
Vilabella;0,000;0;0,000;0;0,000;5409,205;47
Vilabertran;0,000;0;0,000;0;0,000;3814,579;32
Vilablareix;331,801;3;0,000;0;331,801;25330,716;107
Vilada;0,000;0;0,000;0;0,000;5124,269;39
Viladamat;0,000;0;0,000;0;0,000;4719,366;41
Viladasens;0,000;0;189,520;3;189,520;1366,924;15
Viladecans;2987,522;85;0,000;0;2987,522;98013,255;623
Viladecavalls;2614,882;54;0,000;0;2614,882;54270,623;317
Vilademuls;0,000;0;0,000;0;0,000;4433,681;55
Viladrau;5892,734;42;0,000;0;5892,734;20584,841;104
Vilafant;119,568;2;0,000;0;119,568;32348,963;264
Vilafranca del Penedès;0,000;0;48,151;2;48,151;77269,213;527
Vilagrassa;1162,400;14;0,000;0;1162,400;5414,872;40
Vilajuïga;0,000;0;0,000;0;0,000;8259,405;78
Vilalba dels Arcs;0,000;0;0,000;0;0,000;4821,716;53
Vilalba Sasserra;403,345;3;0,000;0;403,345;4265,902;21
Vilaller;0,000;0;0,000;0;0,000;5859,474;71
Vilallonga del Camp;239,407;7;13,317;1;252,724;10136,632;76
Vilallonga de Ter;0,000;0;0,000;0;0,000;4268,282;40
Vilamacolum;0,000;0;0,000;0;0,000;5230,245;40
Vilamalla;0,000;0;0,000;0;0,000;20315,537;125
Vilamaniscle;0,000;0;0,000;0;0,000;2994,819;34
Vilamòs;0,000;0;0,000;0;0,000;1088,252;20
Vilanant;0,000;0;0,000;0;0,000;4530,943;28
Vilanova de Bellpuig;1407,833;15;0,000;0;1407,833;7072,211;45
Vilanova de la Barca;922,998;12;0,000;0;922,998;10272,419;63
Vilanova de l'Aguda;1052,378;15;14,454;1;1066,832;3152,136;34
Vilanova del Camí;101,333;1;0,000;0;101,333;36750,061;251
Vilanova del Vallès;2356,647;30;0,000;0;2356,647;52319,753;193
Vilanova de Meià;0,000;0;820,540;15;820,540;6163,628;66
Vilanova de Prades;0,000;0;0,000;0;0,000;1895,600;20
Vilanova de Sau;0,000;0;0,000;0;0,000;2317,240;16
Vilanova d'Escornalbou;0,000;0;0,000;0;0,000;4416,073;41
Vilanova de Segrià;2446,428;22;0,000;0;2446,428;10003,491;55
Vilanova i la Geltrú;0,000;0;0,000;0;0,000;154643,338;1356
Vilaplana;0,000;0;0,000;0;0,000;2304,749;30
Vila-rodona;51,886;1;0,000;0;51,886;9764,386;51
Vila-sacra;0,000;0;0,000;0;0,000;4909,392;36
Vila-sana;687,661;7;0,000;0;687,661;8180,465;42
Vila-seca;1370,334;12;0,000;0;1370,334;45165,184;261
Vilassar de Dalt;1608,343;23;704,702;8;2313,045;36204,371;202
Vilassar de Mar;0,000;0;310,711;4;310,711;30100,704;187
Vilaür;0,000;0;0,000;0;0,000;2281,428;26
Vilaverd;0,000;0;0,000;0;0,000;2807,709;37
Vilobí del Penedès;0,000;0;65,062;2;65,062;13311,563;81
Vilobí d'Onyar;46,537;1;0,000;0;46,537;22096,062;107
Vilopriu;0,000;0;0,000;0;0,000;4350,936;33
Vimbodí i Poblet;138,323;3;0,000;0;138,323;5319,889;59
Vinaixa;906,761;13;0,000;0;906,761;3946,488;38
Vinebre;457,931;12;0,000;0;457,931;3986,412;44
Vinyols i els Arcs;340,590;7;0,000;0;340,590;13194,057;84
Viver i Serrateix;0,000;0;0,000;0;0,000;0,000;0
Xerta;0,000;0;18,793;1;18,793;5070,041;50
,,,,,,